Type,Name,Request Count,Failure Count,Median Response Time,Average Response Time,Min Response Time,Max Response Time,Average Content Size,Requests/s,Failures/s,50%,66%,75%,80%,90%,95%,98%,99%,99.9%,99.99%,100%
GET,GET /s0,10246,66,3200.0,3816.804322331413,404.610044999572,17629.08715899539,99034.32246730432,17.090440003326172,0.11008872147369972,3200,4200,5000,5500,7100,8400,9700,10000,14000,17000,18000
,Aggregated,10246,66,3200.0,3816.804322331413,404.610044999572,17629.08715899539,99034.32246730432,17.090440003326172,0.11008872147369972,3200,4200,5000,5500,7100,8400,9700,10000,14000,17000,18000
