Type,Name,Request Count,Failure Count,Median Response Time,Average Response Time,Min Response Time,Max Response Time,Average Content Size,Requests/s,Failures/s,50%,66%,75%,80%,90%,95%,98%,99%,99.9%,99.99%,100%
GET,GET /s0,14104,28,2000.0,2243.9381181657745,138.39576799728093,10910.8601500011,99697.79254112308,23.522504940065076,0.04669810963711161,2000,2500,2900,3100,3800,4500,5400,6200,8000,10000,11000
,Aggregated,14104,28,2000.0,2243.9381181657745,138.39576799728093,10910.8601500011,99697.79254112308,23.522504940065076,0.04669810963711161,2000,2500,2900,3100,3800,4500,5400,6200,8000,10000,11000
