Type,Name,Request Count,Failure Count,Median Response Time,Average Response Time,Min Response Time,Max Response Time,Average Content Size,Requests/s,Failures/s,50%,66%,75%,80%,90%,95%,98%,99%,99.9%,99.99%,100%
GET,GET /s0,10285,47,2600.0,3807.165870436451,339.9017549963901,22789.926655997988,98628.46864365581,17.156743360891944,0.07840223023450864,2600,3800,5000,6200,9000,10000,12000,12000,14000,18000,23000
,Aggregated,10285,47,2600.0,3807.165870436451,339.9017549963901,22789.926655997988,98628.46864365581,17.156743360891944,0.07840223023450864,2600,3800,5000,6200,9000,10000,12000,12000,14000,18000,23000
