Type,Name,Request Count,Failure Count,Median Response Time,Average Response Time,Min Response Time,Max Response Time,Average Content Size,Requests/s,Failures/s,50%,66%,75%,80%,90%,95%,98%,99%,99.9%,99.99%,100%
GET,GET /s0,5165,0,9200.0,9529.844960765677,3610.8112419969984,19842.9517379991,99472.77541142303,8.61971774606611,0.0,9200,10000,11000,12000,13000,14000,16000,17000,19000,20000,20000
,Aggregated,5165,0,9200.0,9529.844960765677,3610.8112419969984,19842.9517379991,99472.77541142303,8.61971774606611,0.0,9200,10000,11000,12000,13000,14000,16000,17000,19000,20000,20000
