Type,Name,Request Count,Failure Count,Median Response Time,Average Response Time,Min Response Time,Max Response Time,Average Content Size,Requests/s,Failures/s,50%,66%,75%,80%,90%,95%,98%,99%,99.9%,99.99%,100%
GET,GET /s0,3700,176,12000.0,13912.01356310565,983.7393709967728,40228.32479399949,94301.7481081081,6.172969836400248,0.29363315978552534,12000,16000,19000,21000,25000,27000,30000,32000,36000,40000,40000
,Aggregated,3700,176,12000.0,13912.01356310565,983.7393709967728,40228.32479399949,94301.7481081081,6.172969836400248,0.29363315978552534,12000,16000,19000,21000,25000,27000,30000,32000,36000,40000,40000
