Type,Name,Request Count,Failure Count,Median Response Time,Average Response Time,Min Response Time,Max Response Time,Average Content Size,Requests/s,Failures/s,50%,66%,75%,80%,90%,95%,98%,99%,99.9%,99.99%,100%
GET,GET /s0,10441,66,3500.0,3722.9223371503713,154.98910799215082,13614.352546006558,98763.56766593238,17.413926125950287,0.1100774949059208,3500,4100,4600,4900,5700,6500,7400,8200,11000,13000,14000
,Aggregated,10441,66,3500.0,3722.9223371503713,154.98910799215082,13614.352546006558,98763.56766593238,17.413926125950287,0.1100774949059208,3500,4100,4600,4900,5700,6500,7400,8200,11000,13000,14000
