Type,Name,Request Count,Failure Count,Median Response Time,Average Response Time,Min Response Time,Max Response Time,Average Content Size,Requests/s,Failures/s,50%,66%,75%,80%,90%,95%,98%,99%,99.9%,99.99%,100%
GET,GET /s0,10260,80,3200.0,3815.2180538277325,366.6999639972346,17293.4937789978,97966.777582846,17.113011705538455,0.1334347891270055,3200,4200,4900,5500,7200,8600,10000,11000,14000,16000,17000
,Aggregated,10260,80,3200.0,3815.2180538277325,366.6999639972346,17293.4937789978,97966.777582846,17.113011705538455,0.1334347891270055,3200,4200,4900,5500,7200,8600,10000,11000,14000,16000,17000
