Type,Name,Request Count,Failure Count,Median Response Time,Average Response Time,Min Response Time,Max Response Time,Average Content Size,Requests/s,Failures/s,50%,66%,75%,80%,90%,95%,98%,99%,99.9%,99.99%,100%
GET,GET /s0,10295,42,3600.0,3809.87632890887,866.9149390043458,11758.119923993945,102111.37445361826,17.187518806279748,0.07011906652391932,3600,4200,4600,4800,5600,6300,7100,7700,9600,11000,12000
,Aggregated,10295,42,3600.0,3809.87632890887,866.9149390043458,11758.119923993945,102111.37445361826,17.187518806279748,0.07011906652391932,3600,4200,4600,4800,5600,6300,7100,7700,9600,11000,12000
