Type,Name,Request Count,Failure Count,Median Response Time,Average Response Time,Min Response Time,Max Response Time,Average Content Size,Requests/s,Failures/s,50%,66%,75%,80%,90%,95%,98%,99%,99.9%,99.99%,100%
GET,GET /s0,10742,28,3100.0,3559.294166649596,134.18092200299725,18314.94548698538,100180.23980636754,17.938820376100917,0.046759166871236796,3100,4000,4500,5000,6300,7500,9300,10000,13000,16000,18000
,Aggregated,10742,28,3100.0,3559.294166649596,134.18092200299725,18314.94548698538,100180.23980636754,17.938820376100917,0.046759166871236796,3100,4000,4500,5000,6300,7500,9300,10000,13000,16000,18000
