Type,Name,Request Count,Failure Count,Median Response Time,Average Response Time,Min Response Time,Max Response Time,Average Content Size,Requests/s,Failures/s,50%,66%,75%,80%,90%,95%,98%,99%,99.9%,99.99%,100%
GET,GET /s0,13874,66,2100.0,2312.754496409276,264.16410999081563,8600.037836004049,100046.50965835375,23.166289970413533,0.11020434900153475,2100,2500,2800,3000,3600,4200,4900,5500,7100,8500,8600
,Aggregated,13874,66,2100.0,2312.754496409276,264.16410999081563,8600.037836004049,100046.50965835375,23.166289970413533,0.11020434900153475,2100,2500,2800,3000,3600,4200,4900,5500,7100,8500,8600
