Type,Name,Request Count,Failure Count,Median Response Time,Average Response Time,Min Response Time,Max Response Time,Average Content Size,Requests/s,Failures/s,50%,66%,75%,80%,90%,95%,98%,99%,99.9%,99.99%,100%
GET,GET /s0,5135,0,9100.0,9582.050775476802,3359.6862999984296,23439.34178900963,100166.6223953262,8.574625955517062,0.0,9100,10000,11000,12000,14000,15000,17000,18000,21000,23000,23000
,Aggregated,5135,0,9100.0,9582.050775476802,3359.6862999984296,23439.34178900963,100166.6223953262,8.574625955517062,0.0,9100,10000,11000,12000,14000,15000,17000,18000,21000,23000,23000
