Type,Name,Request Count,Failure Count,Median Response Time,Average Response Time,Min Response Time,Max Response Time,Average Content Size,Requests/s,Failures/s,50%,66%,75%,80%,90%,95%,98%,99%,99.9%,99.99%,100%
GET,GET /s0,8819,48,4600.0,4782.032139440886,513.4759350003151,13594.831726997654,99033.41501304002,14.713994743835418,0.08008524183060438,4600,5300,5800,6100,7000,7700,8700,9400,12000,14000,14000
,Aggregated,8819,48,4600.0,4782.032139440886,513.4759350003151,13594.831726997654,99033.41501304002,14.713994743835418,0.08008524183060438,4600,5300,5800,6100,7000,7700,8700,9400,12000,14000,14000
