Type,Name,Request Count,Failure Count,Median Response Time,Average Response Time,Min Response Time,Max Response Time,Average Content Size,Requests/s,Failures/s,50%,66%,75%,80%,90%,95%,98%,99%,99.9%,99.99%,100%
GET,GET /s0,10264,68,2900.0,3816.638775292589,320.7515539979795,17961.71507499821,100868.70683943882,17.12131649574576,0.11343038987828445,2900,4000,5000,5700,8200,9800,11000,11000,14000,17000,18000
,Aggregated,10264,68,2900.0,3816.638775292589,320.7515539979795,17961.71507499821,100868.70683943882,17.12131649574576,0.11343038987828445,2900,4000,5000,5700,8200,9800,11000,11000,14000,17000,18000
