Type,Name,Request Count,Failure Count,Median Response Time,Average Response Time,Min Response Time,Max Response Time,Average Content Size,Requests/s,Failures/s,50%,66%,75%,80%,90%,95%,98%,99%,99.9%,99.99%,100%
GET,GET /s0,5286,36,8800.0,9255.454465060158,3446.777356999519,20679.893436001294,97371.32973893303,8.818299705349443,0.0600565246675331,8800,10000,11000,12000,13000,15000,16000,17000,19000,21000,21000
,Aggregated,5286,36,8800.0,9255.454465060158,3446.777356999519,20679.893436001294,97371.32973893303,8.818299705349443,0.0600565246675331,8800,10000,11000,12000,13000,15000,16000,17000,19000,21000,21000
