Type,Name,Request Count,Failure Count,Median Response Time,Average Response Time,Min Response Time,Max Response Time,Average Content Size,Requests/s,Failures/s,50%,66%,75%,80%,90%,95%,98%,99%,99.9%,99.99%,100%
GET,GET /s0,10333,48,3600.0,3772.3182183686376,842.7307770034531,11086.606600001687,99291.12348785445,17.245886554534795,0.08011250891490083,3600,4100,4500,4800,5500,6200,7000,7600,9800,11000,11000
,Aggregated,10333,48,3600.0,3772.3182183686376,842.7307770034531,11086.606600001687,99291.12348785445,17.245886554534795,0.08011250891490083,3600,4100,4500,4800,5500,6200,7000,7600,9800,11000,11000
