Type,Name,Request Count,Failure Count,Median Response Time,Average Response Time,Min Response Time,Max Response Time,Average Content Size,Requests/s,Failures/s,50%,66%,75%,80%,90%,95%,98%,99%,99.9%,99.99%,100%
GET,GET /s0,5277,45,8900.0,9287.015374460658,3405.342655009008,20867.777930994635,102549.65908660223,8.797937817202135,0.07502505244913701,8900,10000,11000,12000,13000,15000,16000,17000,20000,21000,21000
,Aggregated,5277,45,8900.0,9287.015374460658,3405.342655009008,20867.777930994635,102549.65908660223,8.797937817202135,0.07502505244913701,8900,10000,11000,12000,13000,15000,16000,17000,20000,21000,21000
