Type,Name,Request Count,Failure Count,Median Response Time,Average Response Time,Min Response Time,Max Response Time,Average Content Size,Requests/s,Failures/s,50%,66%,75%,80%,90%,95%,98%,99%,99.9%,99.99%,100%
GET,GET /s0,5123,0,9100.0,9588.013432939086,3563.0226979992585,21784.719950999715,103077.13253952762,8.556983689554935,0.0,9100,11000,11000,12000,14000,15000,16000,17000,19000,22000,22000
,Aggregated,5123,0,9100.0,9588.013432939086,3563.0226979992585,21784.719950999715,103077.13253952762,8.556983689554935,0.0,9100,11000,11000,12000,14000,15000,16000,17000,19000,22000,22000
