Type,Name,Request Count,Failure Count,Median Response Time,Average Response Time,Min Response Time,Max Response Time,Average Content Size,Requests/s,Failures/s,50%,66%,75%,80%,90%,95%,98%,99%,99.9%,99.99%,100%
GET,GET /s0,5151,0,8400.0,9557.720594380164,3456.51252099924,24710.807859999477,100814.05280528053,8.595704127667178,0.0,8400,10000,12000,12000,15000,17000,19000,20000,23000,25000,25000
,Aggregated,5151,0,8400.0,9557.720594380164,3456.51252099924,24710.807859999477,100814.05280528053,8.595704127667178,0.0,8400,10000,12000,12000,15000,17000,19000,20000,23000,25000,25000
