Type,Name,Request Count,Failure Count,Median Response Time,Average Response Time,Min Response Time,Max Response Time,Average Content Size,Requests/s,Failures/s,50%,66%,75%,80%,90%,95%,98%,99%,99.9%,99.99%,100%
GET,GET /s0,5135,0,8900.0,9587.527522140024,3529.911820005509,25822.534970997367,98980.1429406037,8.57062888998155,0.0,8900,10000,11000,12000,14000,16000,18000,19000,24000,26000,26000
,Aggregated,5135,0,8900.0,9587.527522140024,3529.911820005509,25822.534970997367,98980.1429406037,8.57062888998155,0.0,8900,10000,11000,12000,14000,16000,18000,19000,24000,26000,26000
