Type,Name,Request Count,Failure Count,Median Response Time,Average Response Time,Min Response Time,Max Response Time,Average Content Size,Requests/s,Failures/s,50%,66%,75%,80%,90%,95%,98%,99%,99.9%,99.99%,100%
GET,GET /s0,5145,148,7300.0,9521.292186086122,2037.6864259887952,26370.942713998375,97153.9166180758,8.589116635808754,0.24707274287652,7300,10000,14000,16000,18000,19000,20000,21000,24000,26000,26000
,Aggregated,5145,148,7300.0,9521.292186086122,2037.6864259887952,26370.942713998375,97153.9166180758,8.589116635808754,0.24707274287652,7300,10000,14000,16000,18000,19000,20000,21000,24000,26000,26000
