Type,Name,Request Count,Failure Count,Median Response Time,Average Response Time,Min Response Time,Max Response Time,Average Content Size,Requests/s,Failures/s,50%,66%,75%,80%,90%,95%,98%,99%,99.9%,99.99%,100%
GET,GET /s0,14091,40,2000.0,2251.9706778372256,75.56942400697153,12732.647722994443,99981.90717479242,23.528427914029564,0.06678994511114772,2000,2500,2800,3100,3800,4500,5400,6100,8500,11000,13000
,Aggregated,14091,40,2000.0,2251.9706778372256,75.56942400697153,12732.647722994443,99981.90717479242,23.528427914029564,0.06678994511114772,2000,2500,2800,3100,3800,4500,5400,6100,8500,11000,13000
