Type,Name,Request Count,Failure Count,Median Response Time,Average Response Time,Min Response Time,Max Response Time,Average Content Size,Requests/s,Failures/s,50%,66%,75%,80%,90%,95%,98%,99%,99.9%,99.99%,100%
GET,GET /s0,10392,70,3500.0,3748.728146430624,142.1117919999233,13598.456321000413,99755.3058121632,17.371785519502488,0.11701549137463184,3500,4200,4600,4900,5800,6600,7600,8300,11000,13000,14000
,Aggregated,10392,70,3500.0,3748.728146430624,142.1117919999233,13598.456321000413,99755.3058121632,17.371785519502488,0.11701549137463184,3500,4200,4600,4900,5800,6600,7600,8300,11000,13000,14000
