Type,Name,Request Count,Failure Count,Median Response Time,Average Response Time,Min Response Time,Max Response Time,Average Content Size,Requests/s,Failures/s,50%,66%,75%,80%,90%,95%,98%,99%,99.9%,99.99%,100%
GET,GET /s0,10420,61,3500.0,3747.4635040220037,167.5468940011342,12993.236748003255,99474.93138195778,17.378254313008533,0.10173450221626877,3500,4100,4600,4900,5800,6700,7600,8300,10000,12000,13000
,Aggregated,10420,61,3500.0,3747.4635040220037,167.5468940011342,12993.236748003255,99474.93138195778,17.378254313008533,0.10173450221626877,3500,4100,4600,4900,5800,6700,7600,8300,10000,12000,13000
