Type,Name,Request Count,Failure Count,Median Response Time,Average Response Time,Min Response Time,Max Response Time,Average Content Size,Requests/s,Failures/s,50%,66%,75%,80%,90%,95%,98%,99%,99.9%,99.99%,100%
GET,GET /s0,4798,0,9100.0,10309.145163442097,532.4454159999732,31940.420164995885,102564.97728220091,8.005475639886361,0.0,9100,12000,14000,15000,19000,23000,26000,27000,31000,32000,32000
,Aggregated,4798,0,9100.0,10309.145163442097,532.4454159999732,31940.420164995885,102564.97728220091,8.005475639886361,0.0,9100,12000,14000,15000,19000,23000,26000,27000,31000,32000,32000
