Type,Name,Request Count,Failure Count,Median Response Time,Average Response Time,Min Response Time,Max Response Time,Average Content Size,Requests/s,Failures/s,50%,66%,75%,80%,90%,95%,98%,99%,99.9%,99.99%,100%
GET,GET /s0,5288,113,8800.0,9246.053091250395,239.1056819978985,32214.096937997965,98952.12273071104,8.822138654208008,0.18852149544733451,8800,10000,12000,12000,14000,16000,18000,20000,27000,32000,32000
,Aggregated,5288,113,8800.0,9246.053091250395,239.1056819978985,32214.096937997965,98952.12273071104,8.822138654208008,0.18852149544733451,8800,10000,12000,12000,14000,16000,18000,20000,27000,32000,32000
