Type,Name,Request Count,Failure Count,Median Response Time,Average Response Time,Min Response Time,Max Response Time,Average Content Size,Requests/s,Failures/s,50%,66%,75%,80%,90%,95%,98%,99%,99.9%,99.99%,100%
GET,GET /s0,10318,49,3600.0,3786.67365779824,877.9034090039204,11164.229710004292,98517.5328552045,17.21903774413573,0.08177290651896207,3600,4100,4500,4800,5500,6200,7000,7600,9400,11000,11000
,Aggregated,10318,49,3600.0,3786.67365779824,877.9034090039204,11164.229710004292,98517.5328552045,17.21903774413573,0.08177290651896207,3600,4100,4500,4800,5500,6200,7000,7600,9400,11000,11000
