Type,Name,Request Count,Failure Count,Median Response Time,Average Response Time,Min Response Time,Max Response Time,Average Content Size,Requests/s,Failures/s,50%,66%,75%,80%,90%,95%,98%,99%,99.9%,99.99%,100%
GET,GET /s0,5293,36,8600.0,9242.185125394491,3330.4962439997325,26386.54830700034,100432.29000566786,8.835323041350524,0.06009288295647437,8600,10000,11000,12000,14000,15000,17000,19000,23000,26000,26000
,Aggregated,5293,36,8600.0,9242.185125394491,3330.4962439997325,26386.54830700034,100432.29000566786,8.835323041350524,0.06009288295647437,8600,10000,11000,12000,14000,15000,17000,19000,23000,26000,26000
