Type,Name,Request Count,Failure Count,Median Response Time,Average Response Time,Min Response Time,Max Response Time,Average Content Size,Requests/s,Failures/s,50%,66%,75%,80%,90%,95%,98%,99%,99.9%,99.99%,100%
GET,GET /s0,5292,48,8700.0,9240.339371426171,2659.589365008287,21086.234807997243,101679.19501133787,8.833261009159209,0.08012028126221506,8700,10000,11000,12000,13000,15000,17000,18000,20000,21000,21000
,Aggregated,5292,48,8700.0,9240.339371426171,2659.589365008287,21086.234807997243,101679.19501133787,8.833261009159209,0.08012028126221506,8700,10000,11000,12000,13000,15000,17000,18000,20000,21000,21000
