Type,Name,Request Count,Failure Count,Median Response Time,Average Response Time,Min Response Time,Max Response Time,Average Content Size,Requests/s,Failures/s,50%,66%,75%,80%,90%,95%,98%,99%,99.9%,99.99%,100%
GET,GET /s0,10300,40,3600.0,3806.443911681283,1101.4545190118952,11589.686423001694,98403.25601941747,17.195902269199816,0.06678020298718375,3600,4100,4500,4800,5500,6200,7000,7600,9200,11000,12000
,Aggregated,10300,40,3600.0,3806.443911681283,1101.4545190118952,11589.686423001694,98403.25601941747,17.195902269199816,0.06678020298718375,3600,4100,4500,4800,5500,6200,7000,7600,9200,11000,12000
