Type,Name,Request Count,Failure Count,Median Response Time,Average Response Time,Min Response Time,Max Response Time,Average Content Size,Requests/s,Failures/s,50%,66%,75%,80%,90%,95%,98%,99%,99.9%,99.99%,100%
GET,GET /s0,5271,40,8900.0,9301.695042041601,3260.7216920005158,21702.274871990085,99167.61563270727,8.798473190698566,0.06676891057255599,8900,10000,11000,12000,13000,15000,16000,17000,19000,22000,22000
,Aggregated,5271,40,8900.0,9301.695042041601,3260.7216920005158,21702.274871990085,99167.61563270727,8.798473190698566,0.06676891057255599,8900,10000,11000,12000,13000,15000,16000,17000,19000,22000,22000
