Type,Name,Request Count,Failure Count,Median Response Time,Average Response Time,Min Response Time,Max Response Time,Average Content Size,Requests/s,Failures/s,50%,66%,75%,80%,90%,95%,98%,99%,99.9%,99.99%,100%
GET,GET /s0,10908,44,3100.0,3474.151163253551,182.23614399903454,17141.313665997586,98802.59598459846,18.213295738348084,0.0734676395752948,3100,3900,4400,4800,5900,7100,8600,9600,13000,16000,17000
,Aggregated,10908,44,3100.0,3474.151163253551,182.23614399903454,17141.313665997586,98802.59598459846,18.213295738348084,0.0734676395752948,3100,3900,4400,4800,5900,7100,8600,9600,13000,16000,17000
