Type,Name,Request Count,Failure Count,Median Response Time,Average Response Time,Min Response Time,Max Response Time,Average Content Size,Requests/s,Failures/s,50%,66%,75%,80%,90%,95%,98%,99%,99.9%,99.99%,100%
GET,GET /s0,14713,75,1900.0,2062.1991300217146,80.27063500048826,10002.55077300244,100039.7071977163,24.535970137528505,0.12507291241178806,1900,2300,2500,2800,3400,4000,4800,5400,7100,8200,10000
,Aggregated,14713,75,1900.0,2062.1991300217146,80.27063500048826,10002.55077300244,100039.7071977163,24.535970137528505,0.12507291241178806,1900,2300,2500,2800,3400,4000,4800,5400,7100,8200,10000
