Type,Name,Request Count,Failure Count,Median Response Time,Average Response Time,Min Response Time,Max Response Time,Average Content Size,Requests/s,Failures/s,50%,66%,75%,80%,90%,95%,98%,99%,99.9%,99.99%,100%
GET,GET /s0,5154,0,9200.0,9527.815309454209,3699.6231289995194,25372.361620997253,99316.26096235933,8.602596410661285,0.0,9200,10000,11000,12000,13000,14000,16000,18000,22000,25000,25000
,Aggregated,5154,0,9200.0,9527.815309454209,3699.6231289995194,25372.361620997253,99316.26096235933,8.602596410661285,0.0,9200,10000,11000,12000,13000,14000,16000,18000,22000,25000,25000
