Type,Name,Request Count,Failure Count,Median Response Time,Average Response Time,Min Response Time,Max Response Time,Average Content Size,Requests/s,Failures/s,50%,66%,75%,80%,90%,95%,98%,99%,99.9%,99.99%,100%
GET,GET /s0,14713,54,1800.0,2068.002530902474,161.21234800084494,12162.242798993248,100498.01773941412,24.529827048415193,0.09002995042577452,1800,2200,2600,2900,3700,4400,5400,6000,8000,10000,12000
,Aggregated,14713,54,1800.0,2068.002530902474,161.21234800084494,12162.242798993248,100498.01773941412,24.529827048415193,0.09002995042577452,1800,2200,2600,2900,3700,4400,5400,6000,8000,10000,12000
