Type,Name,Request Count,Failure Count,Median Response Time,Average Response Time,Min Response Time,Max Response Time,Average Content Size,Requests/s,Failures/s,50%,66%,75%,80%,90%,95%,98%,99%,99.9%,99.99%,100%
GET,GET /s0,13518,45,2200.0,2424.0559871645805,379.32994098810013,10738.941521005472,100259.79560585886,22.556536697072513,0.07508833787307762,2200,2700,3000,3200,3800,4400,5300,6000,8000,9200,11000
,Aggregated,13518,45,2200.0,2424.0559871645805,379.32994098810013,10738.941521005472,100259.79560585886,22.556536697072513,0.07508833787307762,2200,2700,3000,3200,3800,4400,5300,6000,8000,9200,11000
