Type,Name,Request Count,Failure Count,Median Response Time,Average Response Time,Min Response Time,Max Response Time,Average Content Size,Requests/s,Failures/s,50%,66%,75%,80%,90%,95%,98%,99%,99.9%,99.99%,100%
GET,GET /s0,14043,49,2100.0,2257.893923985285,419.2431720002787,8996.697439004492,99439.80189418215,23.424046528311553,0.08173312539252767,2100,2500,2800,3000,3500,4100,4800,5300,6900,8600,9000
,Aggregated,14043,49,2100.0,2257.893923985285,419.2431720002787,8996.697439004492,99439.80189418215,23.424046528311553,0.08173312539252767,2100,2500,2800,3000,3500,4100,4800,5300,6900,8600,9000
