Type,Name,Request Count,Failure Count,Median Response Time,Average Response Time,Min Response Time,Max Response Time,Average Content Size,Requests/s,Failures/s,50%,66%,75%,80%,90%,95%,98%,99%,99.9%,99.99%,100%
GET,GET /s0,10283,34,3600.0,3808.4462959107914,1004.9098680028692,12403.700204995403,101202.57940289799,17.160496911757722,0.05673994894483736,3600,4200,4500,4800,5500,6200,7000,7600,9100,11000,12000
,Aggregated,10283,34,3600.0,3808.4462959107914,1004.9098680028692,12403.700204995403,101202.57940289799,17.160496911757722,0.05673994894483736,3600,4200,4500,4800,5500,6200,7000,7600,9100,11000,12000
