Type,Name,Request Count,Failure Count,Median Response Time,Average Response Time,Min Response Time,Max Response Time,Average Content Size,Requests/s,Failures/s,50%,66%,75%,80%,90%,95%,98%,99%,99.9%,99.99%,100%
GET,GET /s0,13907,49,2100.0,2306.6549561298625,346.7399220025982,10467.224371997872,99800.20234414324,23.19107035708616,0.08171154436594678,2100,2500,2800,3000,3600,4100,4800,5400,7100,8400,10000
,Aggregated,13907,49,2100.0,2306.6549561298625,346.7399220025982,10467.224371997872,99800.20234414324,23.19107035708616,0.08171154436594678,2100,2500,2800,3000,3600,4100,4800,5400,7100,8400,10000
