Type,Name,Request Count,Failure Count,Median Response Time,Average Response Time,Min Response Time,Max Response Time,Average Content Size,Requests/s,Failures/s,50%,66%,75%,80%,90%,95%,98%,99%,99.9%,99.99%,100%
GET,GET /s0,14713,76,1800.0,2069.584135421211,65.08915701124351,11079.17038499727,100683.968599198,24.53193910539709,0.1267197289478814,1800,2300,2600,2800,3400,4100,4900,5600,7500,9200,11000
,Aggregated,14713,76,1800.0,2069.584135421211,65.08915701124351,11079.17038499727,100683.968599198,24.53193910539709,0.1267197289478814,1800,2300,2600,2800,3400,4100,4900,5600,7500,9200,11000
