Type,Name,Request Count,Failure Count,Median Response Time,Average Response Time,Min Response Time,Max Response Time,Average Content Size,Requests/s,Failures/s,50%,66%,75%,80%,90%,95%,98%,99%,99.9%,99.99%,100%
GET,GET /s0,5150,0,9000.0,9542.239388645306,3518.308757003979,27798.27337000461,98778.98854368932,8.594982382335113,0.0,9000,10000,11000,12000,14000,15000,17000,18000,20000,28000,28000
,Aggregated,5150,0,9000.0,9542.239388645306,3518.308757003979,27798.27337000461,98778.98854368932,8.594982382335113,0.0,9000,10000,11000,12000,14000,15000,17000,18000,20000,28000,28000
