Type,Name,Request Count,Failure Count,Median Response Time,Average Response Time,Min Response Time,Max Response Time,Average Content Size,Requests/s,Failures/s,50%,66%,75%,80%,90%,95%,98%,99%,99.9%,99.99%,100%
GET,GET /s0,10239,70,3300.0,3838.975532109329,389.7531199909281,17259.228588009137,99604.52729758766,17.078147496751296,0.11675655091049818,3300,4200,5000,5500,7000,8400,9800,11000,14000,17000,17000
,Aggregated,10239,70,3300.0,3838.975532109329,389.7531199909281,17259.228588009137,99604.52729758766,17.078147496751296,0.11675655091049818,3300,4200,5000,5500,7000,8400,9800,11000,14000,17000,17000
