Type,Name,Request Count,Failure Count,Median Response Time,Average Response Time,Min Response Time,Max Response Time,Average Content Size,Requests/s,Failures/s,50%,66%,75%,80%,90%,95%,98%,99%,99.9%,99.99%,100%
GET,GET /s0,3890,91,11000.0,13211.590550760424,929.2901789885946,45730.657307009096,97417.8177377892,6.489571116819565,0.15181258910811837,11000,15000,19000,21000,25000,28000,31000,33000,41000,46000,46000
,Aggregated,3890,91,11000.0,13211.590550760424,929.2901789885946,45730.657307009096,97417.8177377892,6.489571116819565,0.15181258910811837,11000,15000,19000,21000,25000,28000,31000,33000,41000,46000,46000
