Type,Name,Request Count,Failure Count,Median Response Time,Average Response Time,Min Response Time,Max Response Time,Average Content Size,Requests/s,Failures/s,50%,66%,75%,80%,90%,95%,98%,99%,99.9%,99.99%,100%
GET,GET /s0,14722,89,1800.0,2074.0250007620402,80.37160599997151,12091.654503998143,99294.89260969977,24.548317454135727,0.1484037667041217,1800,2200,2500,2800,3400,4100,5100,5900,8600,11000,12000
,Aggregated,14722,89,1800.0,2074.0250007620402,80.37160599997151,12091.654503998143,99294.89260969977,24.548317454135727,0.1484037667041217,1800,2200,2500,2800,3400,4100,5100,5900,8600,11000,12000
