Type,Name,Request Count,Failure Count,Median Response Time,Average Response Time,Min Response Time,Max Response Time,Average Content Size,Requests/s,Failures/s,50%,66%,75%,80%,90%,95%,98%,99%,99.9%,99.99%,100%
GET,GET /s0,14964,56,1700.0,2002.637983148117,241.28867700346746,11992.943448000005,99168.49325046779,24.960603036058917,0.09341043638193659,1700,2200,2500,2800,3500,4300,5200,6000,8600,12000,12000
,Aggregated,14964,56,1700.0,2002.637983148117,241.28867700346746,11992.943448000005,99168.49325046779,24.960603036058917,0.09341043638193659,1700,2200,2500,2800,3500,4300,5200,6000,8600,12000,12000
