Type,Name,Request Count,Failure Count,Median Response Time,Average Response Time,Min Response Time,Max Response Time,Average Content Size,Requests/s,Failures/s,50%,66%,75%,80%,90%,95%,98%,99%,99.9%,99.99%,100%
GET,GET /s0,15050,76,1700.0,1989.5381212039122,180.9833410079591,11098.283030994935,98620.0023255814,25.096115029873882,0.12673121211099103,1700,2200,2500,2800,3500,4200,5000,5600,7700,11000,11000
,Aggregated,15050,76,1700.0,1989.5381212039122,180.9833410079591,11098.283030994935,98620.0023255814,25.096115029873882,0.12673121211099103,1700,2200,2500,2800,3500,4200,5000,5600,7700,11000,11000
