Type,Name,Request Count,Failure Count,Median Response Time,Average Response Time,Min Response Time,Max Response Time,Average Content Size,Requests/s,Failures/s,50%,66%,75%,80%,90%,95%,98%,99%,99.9%,99.99%,100%
GET,GET /s0,8824,42,4600.0,4766.973712094924,641.6125079995254,14730.960562010296,98475.49954669084,14.724400073879368,0.07008440651665157,4600,5300,5800,6100,6900,7800,8700,9200,11000,15000,15000
,Aggregated,8824,42,4600.0,4766.973712094924,641.6125079995254,14730.960562010296,98475.49954669084,14.724400073879368,0.07008440651665157,4600,5300,5800,6100,6900,7800,8700,9200,11000,15000,15000
