Type,Name,Request Count,Failure Count,Median Response Time,Average Response Time,Min Response Time,Max Response Time,Average Content Size,Requests/s,Failures/s,50%,66%,75%,80%,90%,95%,98%,99%,99.9%,99.99%,100%
GET,GET /s0,4833,0,8600.0,10280.286372066597,555.1750820013694,32918.70489699795,95980.08773018829,8.064979801297039,0.0,8600,12000,14000,17000,21000,23000,26000,28000,32000,33000,33000
,Aggregated,4833,0,8600.0,10280.286372066597,555.1750820013694,32918.70489699795,95980.08773018829,8.064979801297039,0.0,8600,12000,14000,17000,21000,23000,26000,28000,32000,33000,33000
