Type,Name,Request Count,Failure Count,Median Response Time,Average Response Time,Min Response Time,Max Response Time,Average Content Size,Requests/s,Failures/s,50%,66%,75%,80%,90%,95%,98%,99%,99.9%,99.99%,100%
GET,GET /s0,5266,112,8700.0,9281.872487322513,440.356987004634,31387.179835990537,97433.51671097607,8.782201394143787,0.18678438210104523,8700,10000,12000,12000,14000,17000,19000,21000,28000,31000,31000
,Aggregated,5266,112,8700.0,9281.872487322513,440.356987004634,31387.179835990537,97433.51671097607,8.782201394143787,0.18678438210104523,8700,10000,12000,12000,14000,17000,19000,21000,28000,31000,31000
