Type,Name,Request Count,Failure Count,Median Response Time,Average Response Time,Min Response Time,Max Response Time,Average Content Size,Requests/s,Failures/s,50%,66%,75%,80%,90%,95%,98%,99%,99.9%,99.99%,100%
GET,GET /s0,10281,67,3100.0,3810.37490560633,417.42162899754476,17722.966497996822,98481.19813247738,17.153387747782823,0.11178649733503054,3100,4000,4900,5600,7600,9100,10000,11000,14000,17000,18000
,Aggregated,10281,67,3100.0,3810.37490560633,417.42162899754476,17722.966497996822,98481.19813247738,17.153387747782823,0.11178649733503054,3100,4000,4900,5600,7600,9100,10000,11000,14000,17000,18000
