Type,Name,Request Count,Failure Count,Median Response Time,Average Response Time,Min Response Time,Max Response Time,Average Content Size,Requests/s,Failures/s,50%,66%,75%,80%,90%,95%,98%,99%,99.9%,99.99%,100%
GET,GET /s0,14719,83,1900.0,2076.563520752556,64.1476130040246,10975.629807995574,100175.27461104695,24.544018950450088,0.13840298749149788,1900,2300,2600,2800,3400,4100,4900,5500,7600,9100,11000
,Aggregated,14719,83,1900.0,2076.563520752556,64.1476130040246,10975.629807995574,100175.27461104695,24.544018950450088,0.13840298749149788,1900,2300,2600,2800,3400,4100,4900,5500,7600,9100,11000
