Type,Name,Request Count,Failure Count,Median Response Time,Average Response Time,Min Response Time,Max Response Time,Average Content Size,Requests/s,Failures/s,50%,66%,75%,80%,90%,95%,98%,99%,99.9%,99.99%,100%
GET,GET /s0,11203,41,2900.0,3337.77575308667,145.99025400093524,14940.131734001625,96896.78862804607,18.68591564201474,0.0683854807928773,2900,3700,4300,4700,5800,7000,8400,9400,13000,15000,15000
,Aggregated,11203,41,2900.0,3337.77575308667,145.99025400093524,14940.131734001625,96896.78862804607,18.68591564201474,0.0683854807928773,2900,3700,4300,4700,5800,7000,8400,9400,13000,15000,15000
