Type,Name,Request Count,Failure Count,Median Response Time,Average Response Time,Min Response Time,Max Response Time,Average Content Size,Requests/s,Failures/s,50%,66%,75%,80%,90%,95%,98%,99%,99.9%,99.99%,100%
GET,GET /s0,5121,137,7300.0,9589.765835482396,2415.2208300074562,30158.14664500067,93442.82171450889,8.540788027929148,0.22848817805629631,7300,10000,15000,16000,18000,20000,21000,22000,24000,30000,30000
,Aggregated,5121,137,7300.0,9589.765835482396,2415.2208300074562,30158.14664500067,93442.82171450889,8.540788027929148,0.22848817805629631,7300,10000,15000,16000,18000,20000,21000,22000,24000,30000,30000
