Type,Name,Request Count,Failure Count,Median Response Time,Average Response Time,Min Response Time,Max Response Time,Average Content Size,Requests/s,Failures/s,50%,66%,75%,80%,90%,95%,98%,99%,99.9%,99.99%,100%
GET,GET /s0,4357,1,11000.0,11579.281961006502,486.06003900204087,30803.648000997782,100375.93458801929,7.268329353316715,0.0016681958580024591,11000,13000,15000,16000,19000,21000,23000,24000,29000,31000,31000
,Aggregated,4357,1,11000.0,11579.281961006502,486.06003900204087,30803.648000997782,100375.93458801929,7.268329353316715,0.0016681958580024591,11000,13000,15000,16000,19000,21000,23000,24000,29000,31000,31000
