Type,Name,Request Count,Failure Count,Median Response Time,Average Response Time,Min Response Time,Max Response Time,Average Content Size,Requests/s,Failures/s,50%,66%,75%,80%,90%,95%,98%,99%,99.9%,99.99%,100%
GET,GET /s0,10451,78,3500.0,3710.1991186740474,82.28959600091912,14047.71669699403,99959.89847861449,17.44784473250945,0.13022025539524804,3500,4100,4600,4900,5800,6500,7400,8000,11000,14000,14000
,Aggregated,10451,78,3500.0,3710.1991186740474,82.28959600091912,14047.71669699403,99959.89847861449,17.44784473250945,0.13022025539524804,3500,4100,4600,4900,5800,6500,7400,8000,11000,14000,14000
