Type,Name,Request Count,Failure Count,Median Response Time,Average Response Time,Min Response Time,Max Response Time,Average Content Size,Requests/s,Failures/s,50%,66%,75%,80%,90%,95%,98%,99%,99.9%,99.99%,100%
GET,GET /s0,10272,59,2900.0,3813.2109389217762,287.10635799507145,16833.143641008064,97513.22011292835,17.12995013651061,0.09839048462364934,2900,4000,5000,5800,8300,9400,11000,11000,14000,16000,17000
,Aggregated,10272,59,2900.0,3813.2109389217762,287.10635799507145,16833.143641008064,97513.22011292835,17.12995013651061,0.09839048462364934,2900,4000,5000,5800,8300,9400,11000,11000,14000,16000,17000
