Type,Name,Request Count,Failure Count,Median Response Time,Average Response Time,Min Response Time,Max Response Time,Average Content Size,Requests/s,Failures/s,50%,66%,75%,80%,90%,95%,98%,99%,99.9%,99.99%,100%
GET,GET /s0,8869,38,4500.0,4732.316061014685,385.5451339913998,14633.80609700107,99861.72736497915,14.795938061950105,0.06339448036465262,4500,5200,5800,6100,7100,8000,9000,9800,12000,15000,15000
,Aggregated,8869,38,4500.0,4732.316061014685,385.5451339913998,14633.80609700107,99861.72736497915,14.795938061950105,0.06339448036465262,4500,5200,5800,6100,7100,8000,9000,9800,12000,15000,15000
