Type,Name,Request Count,Failure Count,Median Response Time,Average Response Time,Min Response Time,Max Response Time,Average Content Size,Requests/s,Failures/s,50%,66%,75%,80%,90%,95%,98%,99%,99.9%,99.99%,100%
GET,GET /s0,10286,39,3600.0,3823.2332343718786,1039.5151949996944,10388.644005999595,100024.70707758117,17.16031262883228,0.06506437804048794,3600,4200,4600,4900,5700,6400,7200,7800,9600,10000,10000
,Aggregated,10286,39,3600.0,3823.2332343718786,1039.5151949996944,10388.644005999595,100024.70707758117,17.16031262883228,0.06506437804048794,3600,4200,4600,4900,5700,6400,7200,7800,9600,10000,10000
