Type,Name,Request Count,Failure Count,Median Response Time,Average Response Time,Min Response Time,Max Response Time,Average Content Size,Requests/s,Failures/s,50%,66%,75%,80%,90%,95%,98%,99%,99.9%,99.99%,100%
GET,GET /s0,8781,41,4600.0,4801.8113989269195,300.60863599646837,14232.697808998637,96723.64730668488,14.651963425506278,0.0684125384860218,4600,5300,5800,6200,7100,8000,9000,9800,12000,14000,14000
,Aggregated,8781,41,4600.0,4801.8113989269195,300.60863599646837,14232.697808998637,96723.64730668488,14.651963425506278,0.0684125384860218,4600,5300,5800,6200,7100,8000,9000,9800,12000,14000,14000
