Type,Name,Request Count,Failure Count,Median Response Time,Average Response Time,Min Response Time,Max Response Time,Average Content Size,Requests/s,Failures/s,50%,66%,75%,80%,90%,95%,98%,99%,99.9%,99.99%,100%
GET,GET /s0,13968,53,2100.0,2293.1621158655107,393.65543000167236,8092.6608169975225,99488.61762600229,23.301603837812454,0.08841530665836626,2100,2500,2800,3000,3600,4100,4800,5400,6900,7800,8100
,Aggregated,13968,53,2100.0,2293.1621158655107,393.65543000167236,8092.6608169975225,99488.61762600229,23.301603837812454,0.08841530665836626,2100,2500,2800,3000,3600,4100,4800,5400,6900,7800,8100
