Type,Name,Request Count,Failure Count,Median Response Time,Average Response Time,Min Response Time,Max Response Time,Average Content Size,Requests/s,Failures/s,50%,66%,75%,80%,90%,95%,98%,99%,99.9%,99.99%,100%
GET,GET /s0,10848,41,3100.0,3502.670480288155,174.2140259957523,19928.744517004816,100411.04719764012,18.08821899171182,0.06836439700038574,3100,3900,4400,4800,6000,7200,8600,9500,13000,17000,20000
,Aggregated,10848,41,3100.0,3502.670480288155,174.2140259957523,19928.744517004816,100411.04719764012,18.08821899171182,0.06836439700038574,3100,3900,4400,4800,6000,7200,8600,9500,13000,17000,20000
