Type,Name,Request Count,Failure Count,Median Response Time,Average Response Time,Min Response Time,Max Response Time,Average Content Size,Requests/s,Failures/s,50%,66%,75%,80%,90%,95%,98%,99%,99.9%,99.99%,100%
GET,GET /s0,3823,86,12000.0,13455.464848850052,1008.2069049967686,43363.47227200167,97999.11221553753,6.37869572878396,0.14349145505504068,12000,16000,19000,21000,25000,28000,32000,34000,40000,43000,43000
,Aggregated,3823,86,12000.0,13455.464848850052,1008.2069049967686,43363.47227200167,97999.11221553753,6.37869572878396,0.14349145505504068,12000,16000,19000,21000,25000,28000,32000,34000,40000,43000,43000
