Type,Name,Request Count,Failure Count,Median Response Time,Average Response Time,Min Response Time,Max Response Time,Average Content Size,Requests/s,Failures/s,50%,66%,75%,80%,90%,95%,98%,99%,99.9%,99.99%,100%
GET,GET /s0,5070,115,8300.0,9706.231784868518,1851.7039569996996,26564.882976999797,96019.44398422091,8.469680999343947,0.1921130798667759,8300,11000,13000,14000,17000,19000,21000,22000,25000,27000,27000
,Aggregated,5070,115,8300.0,9706.231784868518,1851.7039569996996,26564.882976999797,96019.44398422091,8.469680999343947,0.1921130798667759,8300,11000,13000,14000,17000,19000,21000,22000,25000,27000,27000
