Type,Name,Request Count,Failure Count,Median Response Time,Average Response Time,Min Response Time,Max Response Time,Average Content Size,Requests/s,Failures/s,50%,66%,75%,80%,90%,95%,98%,99%,99.9%,99.99%,100%
GET,GET /s0,14941,74,1800.0,1993.9123903512339,78.31047000945546,10183.088252000744,99760.08888293956,24.92455356083263,0.12344668787240577,1800,2200,2500,2700,3300,3800,4600,5200,6900,8700,10000
,Aggregated,14941,74,1800.0,1993.9123903512339,78.31047000945546,10183.088252000744,99760.08888293956,24.92455356083263,0.12344668787240577,1800,2200,2500,2700,3300,3800,4600,5200,6900,8700,10000
