Type,Name,Request Count,Failure Count,Median Response Time,Average Response Time,Min Response Time,Max Response Time,Average Content Size,Requests/s,Failures/s,50%,66%,75%,80%,90%,95%,98%,99%,99.9%,99.99%,100%
GET,GET /s0,14260,25,2000.0,2195.0096094761543,143.07791099781753,10491.378260001511,99636.63955119214,23.79070107713217,0.041708802729895106,2000,2400,2800,3000,3700,4400,5200,5800,8100,8600,10000
,Aggregated,14260,25,2000.0,2195.0096094761543,143.07791099781753,10491.378260001511,99636.63955119214,23.79070107713217,0.041708802729895106,2000,2400,2800,3000,3700,4400,5200,5800,8100,8600,10000
