Type,Name,Request Count,Failure Count,Median Response Time,Average Response Time,Min Response Time,Max Response Time,Average Content Size,Requests/s,Failures/s,50%,66%,75%,80%,90%,95%,98%,99%,99.9%,99.99%,100%
GET,GET /s0,5289,35,8400.0,9235.630043402043,2058.398647001013,23367.51805500535,98061.681414256,8.826193042025917,0.05840740337888204,8400,10000,11000,12000,14000,16000,18000,19000,21000,23000,23000
,Aggregated,5289,35,8400.0,9235.630043402043,2058.398647001013,23367.51805500535,98061.681414256,8.826193042025917,0.05840740337888204,8400,10000,11000,12000,14000,16000,18000,19000,21000,23000,23000
