Type,Name,Request Count,Failure Count,Median Response Time,Average Response Time,Min Response Time,Max Response Time,Average Content Size,Requests/s,Failures/s,50%,66%,75%,80%,90%,95%,98%,99%,99.9%,99.99%,100%
GET,GET /s0,10471,64,3500.0,3703.628119091619,246.39551399741322,12490.268992987694,97898.59297106294,17.474029039176067,0.10680334815273308,3500,4100,4500,4800,5700,6400,7500,8200,11000,12000,12000
,Aggregated,10471,64,3500.0,3703.628119091619,246.39551399741322,12490.268992987694,97898.59297106294,17.474029039176067,0.10680334815273308,3500,4100,4500,4800,5700,6400,7500,8200,11000,12000,12000
