Type,Name,Request Count,Failure Count,Median Response Time,Average Response Time,Min Response Time,Max Response Time,Average Content Size,Requests/s,Failures/s,50%,66%,75%,80%,90%,95%,98%,99%,99.9%,99.99%,100%
GET,GET /s0,10302,40,3600.0,3790.5027077927784,1102.6947179998388,10916.631519001385,97975.80625121336,17.192075329724986,0.06675237945923117,3600,4100,4500,4800,5500,6100,6900,7500,9300,11000,11000
,Aggregated,10302,40,3600.0,3790.5027077927784,1102.6947179998388,10916.631519001385,97975.80625121336,17.192075329724986,0.06675237945923117,3600,4100,4500,4800,5500,6100,6900,7500,9300,11000,11000
