Type,Name,Request Count,Failure Count,Median Response Time,Average Response Time,Min Response Time,Max Response Time,Average Content Size,Requests/s,Failures/s,50%,66%,75%,80%,90%,95%,98%,99%,99.9%,99.99%,100%
GET,GET /s0,14731,77,1800.0,2068.4706133450723,99.72661599749699,9605.983789006132,99962.38979023827,24.56134792256136,0.12838393795650158,1800,2300,2600,2800,3400,4000,5000,5700,7900,9300,9600
,Aggregated,14731,77,1800.0,2068.4706133450723,99.72661599749699,9605.983789006132,99962.38979023827,24.56134792256136,0.12838393795650158,1800,2300,2600,2800,3400,4000,5000,5700,7900,9300,9600
