Type,Name,Request Count,Failure Count,Median Response Time,Average Response Time,Min Response Time,Max Response Time,Average Content Size,Requests/s,Failures/s,50%,66%,75%,80%,90%,95%,98%,99%,99.9%,99.99%,100%
GET,GET /s0,15034,70,1700.0,1975.6408987526959,223.62553600396495,11211.532178000198,99359.95277371291,25.077332701675363,0.11676289005702245,1700,2100,2500,2700,3500,4200,5100,5800,7900,10000,11000
,Aggregated,15034,70,1700.0,1975.6408987526959,223.62553600396495,11211.532178000198,99359.95277371291,25.077332701675363,0.11676289005702245,1700,2100,2500,2700,3500,4200,5100,5800,7900,10000,11000
