Type,Name,Request Count,Failure Count,Median Response Time,Average Response Time,Min Response Time,Max Response Time,Average Content Size,Requests/s,Failures/s,50%,66%,75%,80%,90%,95%,98%,99%,99.9%,99.99%,100%
GET,GET /s0,14877,70,1700.0,2030.9732372159096,208.60071800416335,11309.805508004501,98280.0231901593,24.80756312834195,0.11672577932270865,1700,2200,2500,2800,3600,4400,5400,6300,8600,11000,11000
,Aggregated,14877,70,1700.0,2030.9732372159096,208.60071800416335,11309.805508004501,98280.0231901593,24.80756312834195,0.11672577932270865,1700,2200,2500,2800,3600,4400,5400,6300,8600,11000,11000
