Type,Name,Request Count,Failure Count,Median Response Time,Average Response Time,Min Response Time,Max Response Time,Average Content Size,Requests/s,Failures/s,50%,66%,75%,80%,90%,95%,98%,99%,99.9%,99.99%,100%
GET,GET /s0,14694,76,1800.0,2065.9776826218676,52.7714060008293,8807.051636002143,99948.59309922418,24.529773611033523,0.12687238290721026,1800,2200,2600,2800,3400,4100,4900,5500,7400,8700,8800
,Aggregated,14694,76,1800.0,2065.9776826218676,52.7714060008293,8807.051636002143,99948.59309922418,24.529773611033523,0.12687238290721026,1800,2200,2600,2800,3400,4100,4900,5500,7400,8700,8800
