Type,Name,Request Count,Failure Count,Median Response Time,Average Response Time,Min Response Time,Max Response Time,Average Content Size,Requests/s,Failures/s,50%,66%,75%,80%,90%,95%,98%,99%,99.9%,99.99%,100%
GET,GET /s0,8840,46,4500.0,4762.08702275476,474.8238699976355,14303.171614999883,97295.71187782806,14.758638094346653,0.07679834302488077,4500,5300,5800,6200,7100,8000,9000,9800,12000,14000,14000
,Aggregated,8840,46,4500.0,4762.08702275476,474.8238699976355,14303.171614999883,97295.71187782806,14.758638094346653,0.07679834302488077,4500,5300,5800,6200,7100,8000,9000,9800,12000,14000,14000
