Type,Name,Request Count,Failure Count,Median Response Time,Average Response Time,Min Response Time,Max Response Time,Average Content Size,Requests/s,Failures/s,50%,66%,75%,80%,90%,95%,98%,99%,99.9%,99.99%,100%
GET,GET /s0,14126,32,2000.0,2243.097438272401,97.23925701109692,13609.489327995107,99267.71534758601,23.55246643087102,0.053354022779829584,2000,2500,2800,3100,3800,4500,5600,6300,8400,13000,14000
,Aggregated,14126,32,2000.0,2243.097438272401,97.23925701109692,13609.489327995107,99267.71534758601,23.55246643087102,0.053354022779829584,2000,2500,2800,3100,3800,4500,5600,6300,8400,13000,14000
