Type,Name,Request Count,Failure Count,Median Response Time,Average Response Time,Min Response Time,Max Response Time,Average Content Size,Requests/s,Failures/s,50%,66%,75%,80%,90%,95%,98%,99%,99.9%,99.99%,100%
GET,GET /s0,5286,148,7200.0,9256.41151237694,2294.3974860027083,26782.090607004648,96939.4515701854,8.819650901978946,0.24693687731609612,7200,9400,13000,15000,17000,19000,20000,21000,24000,27000,27000
,Aggregated,5286,148,7200.0,9256.41151237694,2294.3974860027083,26782.090607004648,96939.4515701854,8.819650901978946,0.24693687731609612,7200,9400,13000,15000,17000,19000,20000,21000,24000,27000,27000
