Type,Name,Request Count,Failure Count,Median Response Time,Average Response Time,Min Response Time,Max Response Time,Average Content Size,Requests/s,Failures/s,50%,66%,75%,80%,90%,95%,98%,99%,99.9%,99.99%,100%
GET,GET /s0,5250,104,8800.0,9299.398386428675,180.32875000790227,39146.55786700314,98769.32685714286,8.766487182886891,0.17365993657528317,8800,10000,12000,12000,15000,16000,18000,20000,25000,39000,39000
,Aggregated,5250,104,8800.0,9299.398386428675,180.32875000790227,39146.55786700314,98769.32685714286,8.766487182886891,0.17365993657528317,8800,10000,12000,12000,15000,16000,18000,20000,25000,39000,39000
