Type,Name,Request Count,Failure Count,Median Response Time,Average Response Time,Min Response Time,Max Response Time,Average Content Size,Requests/s,Failures/s,50%,66%,75%,80%,90%,95%,98%,99%,99.9%,99.99%,100%
GET,GET /s0,13665,52,2200.0,2374.6780117831254,326.0041769826785,9437.688316014828,99740.49659714599,22.79059737774909,0.08672602002509716,2200,2600,2900,3100,3700,4300,5100,5700,7800,9400,9400
,Aggregated,13665,52,2200.0,2374.6780117831254,326.0041769826785,9437.688316014828,99740.49659714599,22.79059737774909,0.08672602002509716,2200,2600,2900,3100,3700,4300,5100,5700,7800,9400,9400
