Type,Name,Request Count,Failure Count,Median Response Time,Average Response Time,Min Response Time,Max Response Time,Average Content Size,Requests/s,Failures/s,50%,66%,75%,80%,90%,95%,98%,99%,99.9%,99.99%,100%
GET,GET /s0,14869,75,1800.0,2029.5540624392181,105.26053600187879,10110.130686007324,99268.38112852244,24.799440251997705,0.12508965087765336,1800,2200,2500,2700,3400,4000,4800,5400,7200,9700,10000
,Aggregated,14869,75,1800.0,2029.5540624392181,105.26053600187879,10110.130686007324,99268.38112852244,24.799440251997705,0.12508965087765336,1800,2200,2500,2700,3400,4000,4800,5400,7200,9700,10000
