Type,Name,Request Count,Failure Count,Median Response Time,Average Response Time,Min Response Time,Max Response Time,Average Content Size,Requests/s,Failures/s,50%,66%,75%,80%,90%,95%,98%,99%,99.9%,99.99%,100%
GET,GET /s0,5239,119,7200.0,9350.236599296393,2061.2454090005485,25661.799845009227,98848.07386905898,8.738927514021636,0.19849825809669303,7200,9600,14000,15000,17000,19000,20000,21000,24000,26000,26000
,Aggregated,5239,119,7200.0,9350.236599296393,2061.2454090005485,25661.799845009227,98848.07386905898,8.738927514021636,0.19849825809669303,7200,9600,14000,15000,17000,19000,20000,21000,24000,26000,26000
