Type,Name,Request Count,Failure Count,Median Response Time,Average Response Time,Min Response Time,Max Response Time,Average Content Size,Requests/s,Failures/s,50%,66%,75%,80%,90%,95%,98%,99%,99.9%,99.99%,100%
GET,GET /s0,5299,41,8400.0,9217.780581852025,1779.4214000023203,21511.459789999208,99431.31270050953,8.840168733641148,0.06839911645202625,8400,9900,11000,12000,14000,16000,17000,18000,20000,22000,22000
,Aggregated,5299,41,8400.0,9217.780581852025,1779.4214000023203,21511.459789999208,99431.31270050953,8.840168733641148,0.06839911645202625,8400,9900,11000,12000,14000,16000,17000,18000,20000,22000,22000
