Type,Name,Request Count,Failure Count,Median Response Time,Average Response Time,Min Response Time,Max Response Time,Average Content Size,Requests/s,Failures/s,50%,66%,75%,80%,90%,95%,98%,99%,99.9%,99.99%,100%
GET,GET /s0,5150,0,9000.0,9547.87076579958,3415.211674000602,22304.92263999622,100343.78466019417,8.595557089309404,0.0,9000,10000,11000,12000,14000,15000,17000,19000,21000,22000,22000
,Aggregated,5150,0,9000.0,9547.87076579958,3415.211674000602,22304.92263999622,100343.78466019417,8.595557089309404,0.0,9000,10000,11000,12000,14000,15000,17000,19000,21000,22000,22000
