Type,Name,Request Count,Failure Count,Median Response Time,Average Response Time,Min Response Time,Max Response Time,Average Content Size,Requests/s,Failures/s,50%,66%,75%,80%,90%,95%,98%,99%,99.9%,99.99%,100%
GET,GET /s0,10311,44,3600.0,3800.157141833626,780.9621219930705,13261.083203993621,100261.13742604986,17.1918347277545,0.07336249908070973,3600,4200,4600,4800,5500,6200,7100,7800,11000,13000,13000
,Aggregated,10311,44,3600.0,3800.157141833626,780.9621219930705,13261.083203993621,100261.13742604986,17.1918347277545,0.07336249908070973,3600,4200,4600,4800,5500,6200,7100,7800,11000,13000,13000
