Type,Name,Request Count,Failure Count,Median Response Time,Average Response Time,Min Response Time,Max Response Time,Average Content Size,Requests/s,Failures/s,50%,66%,75%,80%,90%,95%,98%,99%,99.9%,99.99%,100%
GET,GET /s0,13655,64,2200.0,2380.544925809079,335.8947900014755,8412.540416000411,99743.56374954229,22.775927910469477,0.10674913118052336,2200,2600,2900,3100,3700,4300,4900,5500,7500,8000,8400
,Aggregated,13655,64,2200.0,2380.544925809079,335.8947900014755,8412.540416000411,99743.56374954229,22.775927910469477,0.10674913118052336,2200,2600,2900,3100,3700,4300,4900,5500,7500,8000,8400
