Type,Name,Request Count,Failure Count,Median Response Time,Average Response Time,Min Response Time,Max Response Time,Average Content Size,Requests/s,Failures/s,50%,66%,75%,80%,90%,95%,98%,99%,99.9%,99.99%,100%
GET,GET /s0,5262,34,8600.0,9301.754856652806,2333.7208419980016,23022.818604003987,99843.96560243254,8.78070099155209,0.0567358102836889,8600,10000,11000,12000,14000,15000,17000,18000,21000,23000,23000
,Aggregated,5262,34,8600.0,9301.754856652806,2333.7208419980016,23022.818604003987,99843.96560243254,8.78070099155209,0.0567358102836889,8600,10000,11000,12000,14000,15000,17000,18000,21000,23000,23000
