Type,Name,Request Count,Failure Count,Median Response Time,Average Response Time,Min Response Time,Max Response Time,Average Content Size,Requests/s,Failures/s,50%,66%,75%,80%,90%,95%,98%,99%,99.9%,99.99%,100%
GET,GET /s0,11008,40,3100.0,3443.5267679133426,171.04163099793368,23615.1803190005,99768.24091569768,18.36045186124628,0.06671675821673793,3100,3800,4400,4800,5900,7000,8600,9700,14000,17000,24000
,Aggregated,11008,40,3100.0,3443.5267679133426,171.04163099793368,23615.1803190005,99768.24091569768,18.36045186124628,0.06671675821673793,3100,3800,4400,4800,5900,7000,8600,9700,14000,17000,24000
