Type,Name,Request Count,Failure Count,Median Response Time,Average Response Time,Min Response Time,Max Response Time,Average Content Size,Requests/s,Failures/s,50%,66%,75%,80%,90%,95%,98%,99%,99.9%,99.99%,100%
GET,GET /s0,5300,35,8800.0,9206.763801672718,1939.6946219931124,20913.835232000565,96216.29226415095,8.848531638326326,0.0584336994983814,8800,10000,11000,12000,13000,14000,16000,17000,19000,21000,21000
,Aggregated,5300,35,8800.0,9206.763801672718,1939.6946219931124,20913.835232000565,96216.29226415095,8.848531638326326,0.0584336994983814,8800,10000,11000,12000,13000,14000,16000,17000,19000,21000,21000
