Type,Name,Request Count,Failure Count,Median Response Time,Average Response Time,Min Response Time,Max Response Time,Average Content Size,Requests/s,Failures/s,50%,66%,75%,80%,90%,95%,98%,99%,99.9%,99.99%,100%
GET,GET /s0,10334,42,3600.0,3784.3963688480917,969.30973000417,12097.41010700236,99418.30210954131,17.23268483848666,0.0700380068914689,3600,4100,4600,4800,5500,6200,6900,7500,9600,12000,12000
,Aggregated,10334,42,3600.0,3784.3963688480917,969.30973000417,12097.41010700236,99418.30210954131,17.23268483848666,0.0700380068914689,3600,4100,4600,4800,5500,6200,6900,7500,9600,12000,12000
