Type,Name,Request Count,Failure Count,Median Response Time,Average Response Time,Min Response Time,Max Response Time,Average Content Size,Requests/s,Failures/s,50%,66%,75%,80%,90%,95%,98%,99%,99.9%,99.99%,100%
GET,GET /s0,5286,102,8600.0,9249.371933649396,171.27745399193373,35454.59559799929,94725.2582292849,8.820117603618447,0.1701952318518883,8600,10000,11000,12000,14000,16000,19000,21000,27000,35000,35000
,Aggregated,5286,102,8600.0,9249.371933649396,171.27745399193373,35454.59559799929,94725.2582292849,8.820117603618447,0.1701952318518883,8600,10000,11000,12000,14000,16000,19000,21000,27000,35000,35000
