Type,Name,Request Count,Failure Count,Median Response Time,Average Response Time,Min Response Time,Max Response Time,Average Content Size,Requests/s,Failures/s,50%,66%,75%,80%,90%,95%,98%,99%,99.9%,99.99%,100%
GET,GET /s0,14128,34,2000.0,2245.5346589193305,123.98441299592378,11365.923104000103,98763.90727633069,23.566131654053503,0.05671351049248436,2000,2500,2800,3100,3800,4500,5500,6200,7900,10000,11000
,Aggregated,14128,34,2000.0,2245.5346589193305,123.98441299592378,11365.923104000103,98763.90727633069,23.566131654053503,0.05671351049248436,2000,2500,2800,3100,3800,4500,5500,6200,7900,10000,11000
