Type,Name,Request Count,Failure Count,Median Response Time,Average Response Time,Min Response Time,Max Response Time,Average Content Size,Requests/s,Failures/s,50%,66%,75%,80%,90%,95%,98%,99%,99.9%,99.99%,100%
GET,GET /s0,5284,30,8600.0,9236.253564632761,3135.1264589757193,23149.321714008693,99485.58497350493,8.818664946168171,0.0500681204362311,8600,9900,11000,12000,14000,15000,17000,18000,20000,23000,23000
,Aggregated,5284,30,8600.0,9236.253564632761,3135.1264589757193,23149.321714008693,99485.58497350493,8.818664946168171,0.0500681204362311,8600,9900,11000,12000,14000,15000,17000,18000,20000,23000,23000
