Type,Name,Request Count,Failure Count,Median Response Time,Average Response Time,Min Response Time,Max Response Time,Average Content Size,Requests/s,Failures/s,50%,66%,75%,80%,90%,95%,98%,99%,99.9%,99.99%,100%
GET,GET /s0,4808,0,8400.0,10306.919737958959,531.2510099902283,31560.295075993054,99332.17886855241,8.019682661774835,0.0,8400,12000,15000,17000,21000,23000,25000,26000,30000,32000,32000
,Aggregated,4808,0,8400.0,10306.919737958959,531.2510099902283,31560.295075993054,99332.17886855241,8.019682661774835,0.0,8400,12000,15000,17000,21000,23000,25000,26000,30000,32000,32000
