Type,Name,Request Count,Failure Count,Median Response Time,Average Response Time,Min Response Time,Max Response Time,Average Content Size,Requests/s,Failures/s,50%,66%,75%,80%,90%,95%,98%,99%,99.9%,99.99%,100%
GET,GET /s0,10955,42,3100.0,3456.756428521129,63.995218006311916,21820.70811999438,99881.55445002281,18.295896075399277,0.07014401051271288,3100,3800,4400,4800,5900,7000,8500,9800,14000,19000,22000
,Aggregated,10955,42,3100.0,3456.756428521129,63.995218006311916,21820.70811999438,99881.55445002281,18.295896075399277,0.07014401051271288,3100,3800,4400,4800,5900,7000,8500,9800,14000,19000,22000
