Type,Name,Request Count,Failure Count,Median Response Time,Average Response Time,Min Response Time,Max Response Time,Average Content Size,Requests/s,Failures/s,50%,66%,75%,80%,90%,95%,98%,99%,99.9%,99.99%,100%
GET,GET /s0,10292,44,3600.0,3809.3958090254664,909.8320249904646,11091.192256004433,97615.41303925379,17.168145215661898,0.07339665657686781,3600,4200,4600,4800,5600,6300,7100,7800,9600,11000,11000
,Aggregated,10292,44,3600.0,3809.3958090254664,909.8320249904646,11091.192256004433,97615.41303925379,17.168145215661898,0.07339665657686781,3600,4200,4600,4800,5600,6300,7100,7800,9600,11000,11000
