Type,Name,Request Count,Failure Count,Median Response Time,Average Response Time,Min Response Time,Max Response Time,Average Content Size,Requests/s,Failures/s,50%,66%,75%,80%,90%,95%,98%,99%,99.9%,99.99%,100%
GET,GET /s0,5284,31,8600.0,9272.710227697007,2248.8370169994596,22855.76026600029,98269.48277819833,8.813375728635235,0.05170602717405228,8600,10000,11000,12000,14000,16000,17000,18000,21000,23000,23000
,Aggregated,5284,31,8600.0,9272.710227697007,2248.8370169994596,22855.76026600029,98269.48277819833,8.813375728635235,0.05170602717405228,8600,10000,11000,12000,14000,16000,17000,18000,21000,23000,23000
