Type,Name,Request Count,Failure Count,Median Response Time,Average Response Time,Min Response Time,Max Response Time,Average Content Size,Requests/s,Failures/s,50%,66%,75%,80%,90%,95%,98%,99%,99.9%,99.99%,100%
GET,GET /s0,14260,28,2000.0,2182.9482383638774,95.8476289997634,9822.229018001963,100355.04978962132,23.81174328563772,0.046755176156932414,2000,2400,2700,3000,3700,4400,5300,6100,8000,9800,9800
,Aggregated,14260,28,2000.0,2182.9482383638774,95.8476289997634,9822.229018001963,100355.04978962132,23.81174328563772,0.046755176156932414,2000,2400,2700,3000,3700,4400,5300,6100,8000,9800,9800
