Type,Name,Request Count,Failure Count,Median Response Time,Average Response Time,Min Response Time,Max Response Time,Average Content Size,Requests/s,Failures/s,50%,66%,75%,80%,90%,95%,98%,99%,99.9%,99.99%,100%
GET,GET /s0,8802,51,4600.0,4785.132036946402,543.1757519982057,12894.818241999019,99754.93490115883,14.691559912790062,0.0851249211034189,4600,5300,5800,6100,7000,7900,8800,9500,11000,13000,13000
,Aggregated,8802,51,4600.0,4785.132036946402,543.1757519982057,12894.818241999019,99754.93490115883,14.691559912790062,0.0851249211034189,4600,5300,5800,6100,7000,7900,8800,9500,11000,13000,13000
