Type,Name,Request Count,Failure Count,Median Response Time,Average Response Time,Min Response Time,Max Response Time,Average Content Size,Requests/s,Failures/s,50%,66%,75%,80%,90%,95%,98%,99%,99.9%,99.99%,100%
GET,GET /s0,3847,124,12000.0,13406.125102189771,930.6247369968332,41566.40924999374,94771.84637379776,6.421908794790158,0.20699680024798014,12000,16000,18000,20000,24000,26000,29000,31000,37000,42000,42000
,Aggregated,3847,124,12000.0,13406.125102189771,930.6247369968332,41566.40924999374,94771.84637379776,6.421908794790158,0.20699680024798014,12000,16000,18000,20000,24000,26000,29000,31000,37000,42000,42000
