Type,Name,Request Count,Failure Count,Median Response Time,Average Response Time,Min Response Time,Max Response Time,Average Content Size,Requests/s,Failures/s,50%,66%,75%,80%,90%,95%,98%,99%,99.9%,99.99%,100%
GET,GET /s0,4609,0,9800.0,10888.413106005264,526.9587720031268,35870.48129399773,99164.53135170319,7.691374149717806,0.0,9800,13000,15000,17000,19000,21000,24000,25000,29000,36000,36000
,Aggregated,4609,0,9800.0,10888.413106005264,526.9587720031268,35870.48129399773,99164.53135170319,7.691374149717806,0.0,9800,13000,15000,17000,19000,21000,24000,25000,29000,36000,36000
