Type,Name,Request Count,Failure Count,Median Response Time,Average Response Time,Min Response Time,Max Response Time,Average Content Size,Requests/s,Failures/s,50%,66%,75%,80%,90%,95%,98%,99%,99.9%,99.99%,100%
GET,GET /s0,13667,44,2200.0,2372.68871190358,393.04016101232264,12509.666811005445,98527.73564059414,22.807344431214414,0.07342673263872351,2200,2600,2900,3100,3700,4300,5200,5800,8300,11000,13000
,Aggregated,13667,44,2200.0,2372.68871190358,393.04016101232264,12509.666811005445,98527.73564059414,22.807344431214414,0.07342673263872351,2200,2600,2900,3100,3700,4300,5200,5800,8300,11000,13000
