Type,Name,Request Count,Failure Count,Median Response Time,Average Response Time,Min Response Time,Max Response Time,Average Content Size,Requests/s,Failures/s,50%,66%,75%,80%,90%,95%,98%,99%,99.9%,99.99%,100%
GET,GET /s0,14173,27,2000.0,2225.3528000548285,108.05269199772738,9874.443955995957,99174.5645946518,23.656670681061385,0.045066683721770785,2000,2500,2800,3100,3800,4500,5300,6000,8400,9300,9900
,Aggregated,14173,27,2000.0,2225.3528000548285,108.05269199772738,9874.443955995957,99174.5645946518,23.656670681061385,0.045066683721770785,2000,2500,2800,3100,3800,4500,5300,6000,8400,9300,9900
