Type,Name,Request Count,Failure Count,Median Response Time,Average Response Time,Min Response Time,Max Response Time,Average Content Size,Requests/s,Failures/s,50%,66%,75%,80%,90%,95%,98%,99%,99.9%,99.99%,100%
GET,GET /s0,10450,79,3500.0,3731.6817639007045,105.2841749988147,13407.69987800013,97868.48928229665,17.432023898089472,0.13178276439704,3500,4100,4500,4900,5800,6600,7500,8300,11000,13000,13000
,Aggregated,10450,79,3500.0,3731.6817639007045,105.2841749988147,13407.69987800013,97868.48928229665,17.432023898089472,0.13178276439704,3500,4100,4500,4900,5800,6600,7500,8300,11000,13000,13000
