Type,Name,Request Count,Failure Count,Median Response Time,Average Response Time,Min Response Time,Max Response Time,Average Content Size,Requests/s,Failures/s,50%,66%,75%,80%,90%,95%,98%,99%,99.9%,99.99%,100%
GET,GET /s0,5268,131,8800.0,9285.999702674853,591.7855799925746,40210.14335700602,97646.27809415339,8.790226651105828,0.2185876407165648,8800,10000,12000,12000,14000,16000,18000,20000,27000,40000,40000
,Aggregated,5268,131,8800.0,9285.999702674853,591.7855799925746,40210.14335700602,97646.27809415339,8.790226651105828,0.2185876407165648,8800,10000,12000,12000,14000,16000,18000,20000,27000,40000,40000
