Type,Name,Request Count,Failure Count,Median Response Time,Average Response Time,Min Response Time,Max Response Time,Average Content Size,Requests/s,Failures/s,50%,66%,75%,80%,90%,95%,98%,99%,99.9%,99.99%,100%
GET,GET /s0,14056,38,2000.0,2252.412317796774,114.38458399788942,10187.936242000433,99998.11632043256,23.450714673337615,0.06339834644186322,2000,2500,2900,3100,3800,4500,5300,5900,7800,9000,10000
,Aggregated,14056,38,2000.0,2252.412317796774,114.38458399788942,10187.936242000433,99998.11632043256,23.450714673337615,0.06339834644186322,2000,2500,2900,3100,3800,4500,5300,5900,7800,9000,10000
