Type,Name,Request Count,Failure Count,Median Response Time,Average Response Time,Min Response Time,Max Response Time,Average Content Size,Requests/s,Failures/s,50%,66%,75%,80%,90%,95%,98%,99%,99.9%,99.99%,100%
GET,GET /s0,13687,49,2200.0,2373.0944797966854,413.10387500561774,10462.529254989931,100168.90933002118,22.82942729790521,0.08173025042721964,2200,2600,2900,3100,3700,4300,5100,5600,7400,9400,10000
,Aggregated,13687,49,2200.0,2373.0944797966854,413.10387500561774,10462.529254989931,100168.90933002118,22.82942729790521,0.08173025042721964,2200,2600,2900,3100,3700,4300,5100,5600,7400,9400,10000
