Type,Name,Request Count,Failure Count,Median Response Time,Average Response Time,Min Response Time,Max Response Time,Average Content Size,Requests/s,Failures/s,50%,66%,75%,80%,90%,95%,98%,99%,99.9%,99.99%,100%
GET,GET /s0,5228,131,7600.0,9359.941552405357,2342.6175150088966,24668.317016999936,94024.8909716909,8.726642058354331,0.21866681515769268,7600,10000,13000,15000,17000,18000,20000,21000,23000,25000,25000
,Aggregated,5228,131,7600.0,9359.941552405357,2342.6175150088966,24668.317016999936,94024.8909716909,8.726642058354331,0.21866681515769268,7600,10000,13000,15000,17000,18000,20000,21000,23000,25000,25000
