Type,Name,Request Count,Failure Count,Median Response Time,Average Response Time,Min Response Time,Max Response Time,Average Content Size,Requests/s,Failures/s,50%,66%,75%,80%,90%,95%,98%,99%,99.9%,99.99%,100%
GET,GET /s0,5282,32,8800.0,9264.053250263882,3262.230078005814,24921.964975990704,99541.40761075351,8.816997392447956,0.053416114456329905,8800,10000,11000,12000,13000,15000,17000,18000,22000,25000,25000
,Aggregated,5282,32,8800.0,9264.053250263882,3262.230078005814,24921.964975990704,99541.40761075351,8.816997392447956,0.053416114456329905,8800,10000,11000,12000,13000,15000,17000,18000,22000,25000,25000
