Type,Name,Request Count,Failure Count,Median Response Time,Average Response Time,Min Response Time,Max Response Time,Average Content Size,Requests/s,Failures/s,50%,66%,75%,80%,90%,95%,98%,99%,99.9%,99.99%,100%
GET,GET /s0,13646,52,2200.0,2395.037208354403,227.14425300364383,9988.77641299623,99199.59812399239,22.75125171208116,0.08669684076126487,2200,2600,2900,3200,3700,4400,5100,5600,7500,9200,10000
,Aggregated,13646,52,2200.0,2395.037208354403,227.14425300364383,9988.77641299623,99199.59812399239,22.75125171208116,0.08669684076126487,2200,2600,2900,3200,3700,4400,5100,5600,7500,9200,10000
