Type,Name,Request Count,Failure Count,Median Response Time,Average Response Time,Min Response Time,Max Response Time,Average Content Size,Requests/s,Failures/s,50%,66%,75%,80%,90%,95%,98%,99%,99.9%,99.99%,100%
GET,GET /s0,5270,33,8700.0,9293.08243639865,3293.3290750079323,23868.76791199029,100055.90626185958,8.789467779313135,0.05503841303934222,8700,10000,11000,12000,14000,16000,18000,18000,21000,24000,24000
,Aggregated,5270,33,8700.0,9293.08243639865,3293.3290750079323,23868.76791199029,100055.90626185958,8.789467779313135,0.05503841303934222,8700,10000,11000,12000,14000,16000,18000,18000,21000,24000,24000
