Type,Name,Request Count,Failure Count,Median Response Time,Average Response Time,Min Response Time,Max Response Time,Average Content Size,Requests/s,Failures/s,50%,66%,75%,80%,90%,95%,98%,99%,99.9%,99.99%,100%
GET,GET /s0,3691,154,13000.0,14004.907784746447,908.3457329979865,39625.527163996594,97059.84367380114,6.157625834791805,0.2569153016954587,13000,16000,19000,20000,24000,28000,31000,33000,38000,40000,40000
,Aggregated,3691,154,13000.0,14004.907784746447,908.3457329979865,39625.527163996594,97059.84367380114,6.157625834791805,0.2569153016954587,13000,16000,19000,20000,24000,28000,31000,33000,38000,40000,40000
