Type,Name,Request Count,Failure Count,Median Response Time,Average Response Time,Min Response Time,Max Response Time,Average Content Size,Requests/s,Failures/s,50%,66%,75%,80%,90%,95%,98%,99%,99.9%,99.99%,100%
GET,GET /s0,4363,1,11000.0,11582.688647162613,642.2138259949861,30919.771553992177,98913.15012606005,7.285062620110489,0.0016697370204241324,11000,13000,14000,15000,18000,20000,22000,24000,27000,31000,31000
,Aggregated,4363,1,11000.0,11582.688647162613,642.2138259949861,30919.771553992177,98913.15012606005,7.285062620110489,0.0016697370204241324,11000,13000,14000,15000,18000,20000,22000,24000,27000,31000,31000
