Type,Name,Request Count,Failure Count,Median Response Time,Average Response Time,Min Response Time,Max Response Time,Average Content Size,Requests/s,Failures/s,50%,66%,75%,80%,90%,95%,98%,99%,99.9%,99.99%,100%
GET,GET /s0,10477,76,3500.0,3707.408852714893,131.82629400034784,12510.332297999412,100061.34675956858,17.47063322677069,0.1267317099584397,3500,4100,4600,4900,5700,6600,7600,8400,11000,12000,13000
,Aggregated,10477,76,3500.0,3707.408852714893,131.82629400034784,12510.332297999412,100061.34675956858,17.47063322677069,0.1267317099584397,3500,4100,4600,4900,5700,6600,7600,8400,11000,12000,13000
