Type,Name,Request Count,Failure Count,Median Response Time,Average Response Time,Min Response Time,Max Response Time,Average Content Size,Requests/s,Failures/s,50%,66%,75%,80%,90%,95%,98%,99%,99.9%,99.99%,100%
GET,GET /s0,5283,102,8600.0,9252.170076175598,627.0468669972615,29239.30304098758,95498.23755441984,8.813840982451007,0.1701706947208031,8600,10000,12000,12000,15000,17000,19000,21000,26000,29000,29000
,Aggregated,5283,102,8600.0,9252.170076175598,627.0468669972615,29239.30304098758,95498.23755441984,8.813840982451007,0.1701706947208031,8600,10000,12000,12000,15000,17000,19000,21000,26000,29000,29000
