Type,Name,Request Count,Failure Count,Median Response Time,Average Response Time,Min Response Time,Max Response Time,Average Content Size,Requests/s,Failures/s,50%,66%,75%,80%,90%,95%,98%,99%,99.9%,99.99%,100%
GET,GET /s0,13923,54,2100.0,2311.894173269291,371.4615259959828,10080.98278399848,98327.09710550887,23.21841742550339,0.09005203914222389,2100,2500,2800,3000,3600,4200,5000,5600,8200,9100,10000
,Aggregated,13923,54,2100.0,2311.894173269291,371.4615259959828,10080.98278399848,98327.09710550887,23.21841742550339,0.09005203914222389,2100,2500,2800,3000,3600,4200,5000,5600,8200,9100,10000
