Type,Name,Request Count,Failure Count,Median Response Time,Average Response Time,Min Response Time,Max Response Time,Average Content Size,Requests/s,Failures/s,50%,66%,75%,80%,90%,95%,98%,99%,99.9%,99.99%,100%
GET,GET /s0,3893,96,12000.0,13149.478630548972,736.9526120000955,41845.73108400036,96248.51451322887,6.499594078922817,0.16027768599450049,12000,15000,18000,20000,25000,27000,30000,33000,37000,42000,42000
,Aggregated,3893,96,12000.0,13149.478630548972,736.9526120000955,41845.73108400036,96248.51451322887,6.499594078922817,0.16027768599450049,12000,15000,18000,20000,25000,27000,30000,33000,37000,42000,42000
