Type,Name,Request Count,Failure Count,Median Response Time,Average Response Time,Min Response Time,Max Response Time,Average Content Size,Requests/s,Failures/s,50%,66%,75%,80%,90%,95%,98%,99%,99.9%,99.99%,100%
GET,GET /s0,13981,57,2100.0,2284.787800119559,381.48489900049753,8412.481282000954,99101.0949860525,23.32234114086292,0.09508428903720668,2100,2500,2800,3000,3500,4100,4800,5300,6700,8000,8400
,Aggregated,13981,57,2100.0,2284.787800119559,381.48489900049753,8412.481282000954,99101.0949860525,23.32234114086292,0.09508428903720668,2100,2500,2800,3000,3500,4100,4800,5300,6700,8000,8400
