Type,Name,Request Count,Failure Count,Median Response Time,Average Response Time,Min Response Time,Max Response Time,Average Content Size,Requests/s,Failures/s,50%,66%,75%,80%,90%,95%,98%,99%,99.9%,99.99%,100%
GET,GET /s0,10276,64,3600.0,3819.8265085853345,976.2518030038336,12980.952047000756,100180.3232775399,17.140681652393212,0.10675395345982538,3600,4200,4600,4800,5600,6300,7100,7600,9600,12000,13000
,Aggregated,10276,64,3600.0,3819.8265085853345,976.2518030038336,12980.952047000756,100180.3232775399,17.140681652393212,0.10675395345982538,3600,4200,4600,4800,5600,6300,7100,7600,9600,12000,13000
