Type,Name,Request Count,Failure Count,Median Response Time,Average Response Time,Min Response Time,Max Response Time,Average Content Size,Requests/s,Failures/s,50%,66%,75%,80%,90%,95%,98%,99%,99.9%,99.99%,100%
GET,GET /s0,10211,69,3200.0,3871.3383008859787,335.71679599845083,22936.260334005055,100060.62814611693,17.026338332499897,0.11505409312922268,3200,4200,5000,5800,7600,9000,10000,11000,14000,19000,23000
,Aggregated,10211,69,3200.0,3871.3383008859787,335.71679599845083,22936.260334005055,100060.62814611693,17.026338332499897,0.11505409312922268,3200,4200,5000,5800,7600,9000,10000,11000,14000,19000,23000
