Type,Name,Request Count,Failure Count,Median Response Time,Average Response Time,Min Response Time,Max Response Time,Average Content Size,Requests/s,Failures/s,50%,66%,75%,80%,90%,95%,98%,99%,99.9%,99.99%,100%
GET,GET /s0,10258,85,3200.0,3825.469100736324,327.6510409996263,18792.111973998544,98275.31906804445,17.111044600195168,0.1417858053242922,3200,4200,5000,5600,7200,8500,9800,11000,14000,18000,19000
,Aggregated,10258,85,3200.0,3825.469100736324,327.6510409996263,18792.111973998544,98275.31906804445,17.111044600195168,0.1417858053242922,3200,4200,5000,5600,7200,8500,9800,11000,14000,18000,19000
