Type,Name,Request Count,Failure Count,Median Response Time,Average Response Time,Min Response Time,Max Response Time,Average Content Size,Requests/s,Failures/s,50%,66%,75%,80%,90%,95%,98%,99%,99.9%,99.99%,100%
GET,GET /s0,10217,80,3200.0,3853.0159443931802,405.88468100031605,27839.047469002253,99053.86091807771,17.044754144602386,0.1334619097159823,3200,4200,5100,5600,7500,8900,10000,11000,14000,18000,28000
,Aggregated,10217,80,3200.0,3853.0159443931802,405.88468100031605,27839.047469002253,99053.86091807771,17.044754144602386,0.1334619097159823,3200,4200,5100,5600,7500,8900,10000,11000,14000,18000,28000
