Type,Name,Request Count,Failure Count,Median Response Time,Average Response Time,Min Response Time,Max Response Time,Average Content Size,Requests/s,Failures/s,50%,66%,75%,80%,90%,95%,98%,99%,99.9%,99.99%,100%
GET,GET /s0,10262,42,3600.0,3831.3011200647848,957.8371550014708,12860.626834008144,100328.56782303644,17.119676132912453,0.07006688731069216,3600,4200,4600,4800,5600,6200,6900,7500,9700,12000,13000
,Aggregated,10262,42,3600.0,3831.3011200647848,957.8371550014708,12860.626834008144,100328.56782303644,17.119676132912453,0.07006688731069216,3600,4200,4600,4800,5600,6200,6900,7500,9700,12000,13000
