Type,Name,Request Count,Failure Count,Median Response Time,Average Response Time,Min Response Time,Max Response Time,Average Content Size,Requests/s,Failures/s,50%,66%,75%,80%,90%,95%,98%,99%,99.9%,99.99%,100%
GET,GET /s0,3734,68,13000.0,13837.380334271811,934.7971240058541,42255.80694600649,97737.62828066417,6.229437353309203,0.1134444938470878,13000,17000,19000,20000,24000,27000,31000,33000,39000,42000,42000
,Aggregated,3734,68,13000.0,13837.380334271811,934.7971240058541,42255.80694600649,97737.62828066417,6.229437353309203,0.1134444938470878,13000,17000,19000,20000,24000,27000,31000,33000,39000,42000,42000
