Type,Name,Request Count,Failure Count,Median Response Time,Average Response Time,Min Response Time,Max Response Time,Average Content Size,Requests/s,Failures/s,50%,66%,75%,80%,90%,95%,98%,99%,99.9%,99.99%,100%
GET,GET /s0,5287,52,8800.0,9256.543294565075,2519.6251989982557,23519.726914004423,97773.73728012106,8.823171754999631,0.08677982433515809,8800,10000,11000,12000,14000,15000,17000,18000,22000,24000,24000
,Aggregated,5287,52,8800.0,9256.543294565075,2519.6251989982557,23519.726914004423,97773.73728012106,8.823171754999631,0.08677982433515809,8800,10000,11000,12000,14000,15000,17000,18000,22000,24000,24000
