Type,Name,Request Count,Failure Count,Median Response Time,Average Response Time,Min Response Time,Max Response Time,Average Content Size,Requests/s,Failures/s,50%,66%,75%,80%,90%,95%,98%,99%,99.9%,99.99%,100%
GET,GET /s0,8839,57,4500.0,4759.736178639912,225.16439700120827,13913.41421299876,100921.88822264962,14.745630506102257,0.09509004851768624,4500,5300,5800,6100,7100,7900,9000,9700,12000,14000,14000
,Aggregated,8839,57,4500.0,4759.736178639912,225.16439700120827,13913.41421299876,100921.88822264962,14.745630506102257,0.09509004851768624,4500,5300,5800,6100,7100,7900,9000,9700,12000,14000,14000
