Type,Name,Request Count,Failure Count,Median Response Time,Average Response Time,Min Response Time,Max Response Time,Average Content Size,Requests/s,Failures/s,50%,66%,75%,80%,90%,95%,98%,99%,99.9%,99.99%,100%
GET,GET /s0,5156,115,6600.0,9497.380584897202,2038.966865002294,25487.71519800357,98359.14972847169,8.604601960026628,0.191918003375303,6600,9800,16000,17000,18000,20000,21000,22000,24000,25000,25000
,Aggregated,5156,115,6600.0,9497.380584897202,2038.966865002294,25487.71519800357,98359.14972847169,8.604601960026628,0.191918003375303,6600,9800,16000,17000,18000,20000,21000,22000,24000,25000,25000
