Type,Name,Request Count,Failure Count,Median Response Time,Average Response Time,Min Response Time,Max Response Time,Average Content Size,Requests/s,Failures/s,50%,66%,75%,80%,90%,95%,98%,99%,99.9%,99.99%,100%
GET,GET /s0,5055,124,7100.0,9720.500579198384,1993.4125100007805,28918.56296500191,97776.02571711177,8.436001211153185,0.20693652822611175,7100,10000,15000,16000,19000,20000,22000,23000,26000,29000,29000
,Aggregated,5055,124,7100.0,9720.500579198384,1993.4125100007805,28918.56296500191,97776.02571711177,8.436001211153185,0.20693652822611175,7100,10000,15000,16000,19000,20000,22000,23000,26000,29000,29000
