Type,Name,Request Count,Failure Count,Median Response Time,Average Response Time,Min Response Time,Max Response Time,Average Content Size,Requests/s,Failures/s,50%,66%,75%,80%,90%,95%,98%,99%,99.9%,99.99%,100%
GET,GET /s0,10282,49,3600.0,3820.8355290588775,768.9839899976505,11385.95127199369,99314.1671853725,17.15505488591147,0.08175429774456934,3600,4200,4600,4900,5600,6300,7100,7800,10000,11000,11000
,Aggregated,10282,49,3600.0,3820.8355290588775,768.9839899976505,11385.95127199369,99314.1671853725,17.15505488591147,0.08175429774456934,3600,4200,4600,4900,5600,6300,7100,7800,10000,11000,11000
