Type,Name,Request Count,Failure Count,Median Response Time,Average Response Time,Min Response Time,Max Response Time,Average Content Size,Requests/s,Failures/s,50%,66%,75%,80%,90%,95%,98%,99%,99.9%,99.99%,100%
GET,GET /s0,13902,50,2100.0,2306.442758074824,383.9121069977409,8296.903329995985,100515.74090058984,23.19196528365711,0.0834123337780791,2100,2500,2800,3000,3600,4100,4900,5400,7300,8300,8300
,Aggregated,13902,50,2100.0,2306.442758074824,383.9121069977409,8296.903329995985,100515.74090058984,23.19196528365711,0.0834123337780791,2100,2500,2800,3000,3600,4100,4900,5400,7300,8300,8300
