Type,Name,Request Count,Failure Count,Median Response Time,Average Response Time,Min Response Time,Max Response Time,Average Content Size,Requests/s,Failures/s,50%,66%,75%,80%,90%,95%,98%,99%,99.9%,99.99%,100%
GET,GET /s0,8801,36,4500.0,4796.549207773686,941.4473189972341,13791.246876004152,102768.62765594819,14.688800796404477,0.060083721016993656,4500,5300,5800,6200,7300,8200,9400,10000,12000,14000,14000
,Aggregated,8801,36,4500.0,4796.549207773686,941.4473189972341,13791.246876004152,102768.62765594819,14.688800796404477,0.060083721016993656,4500,5300,5800,6200,7300,8200,9400,10000,12000,14000,14000
