Type,Name,Request Count,Failure Count,Median Response Time,Average Response Time,Min Response Time,Max Response Time,Average Content Size,Requests/s,Failures/s,50%,66%,75%,80%,90%,95%,98%,99%,99.9%,99.99%,100%
GET,GET /s0,13480,55,2200.0,2445.0311329305737,420.70208900258876,9978.497240997967,99177.06572700296,22.489213418057457,0.09175866008851337,2200,2700,3000,3200,3900,4500,5300,6000,8300,9500,10000
,Aggregated,13480,55,2200.0,2445.0311329305737,420.70208900258876,9978.497240997967,99177.06572700296,22.489213418057457,0.09175866008851337,2200,2700,3000,3200,3900,4500,5300,6000,8300,9500,10000
