Type,Name,Request Count,Failure Count,Median Response Time,Average Response Time,Min Response Time,Max Response Time,Average Content Size,Requests/s,Failures/s,50%,66%,75%,80%,90%,95%,98%,99%,99.9%,99.99%,100%
GET,GET /s0,5296,35,8800.0,9218.133401161193,3268.575060999865,22294.708353001624,99144.76491691843,8.842623814020822,0.0584387903116935,8800,10000,11000,12000,13000,15000,16000,17000,20000,22000,22000
,Aggregated,5296,35,8800.0,9218.133401161193,3268.575060999865,22294.708353001624,99144.76491691843,8.842623814020822,0.0584387903116935,8800,10000,11000,12000,13000,15000,16000,17000,20000,22000,22000
