Type,Name,Request Count,Failure Count,Median Response Time,Average Response Time,Min Response Time,Max Response Time,Average Content Size,Requests/s,Failures/s,50%,66%,75%,80%,90%,95%,98%,99%,99.9%,99.99%,100%
GET,GET /s0,5089,119,6700.0,9679.899638691537,1992.5672349927481,28815.075653998065,101013.68677539792,8.48838411308403,0.1984904125480447,6700,10000,16000,17000,19000,20000,21000,22000,24000,29000,29000
,Aggregated,5089,119,6700.0,9679.899638691537,1992.5672349927481,28815.075653998065,101013.68677539792,8.48838411308403,0.1984904125480447,6700,10000,16000,17000,19000,20000,21000,22000,24000,29000,29000
