Type,Name,Request Count,Failure Count,Median Response Time,Average Response Time,Min Response Time,Max Response Time,Average Content Size,Requests/s,Failures/s,50%,66%,75%,80%,90%,95%,98%,99%,99.9%,99.99%,100%
GET,GET /s0,13622,56,2200.0,2389.3302958896456,447.39393099735025,10072.861993001425,98933.19600646014,22.75152134916199,0.09353143411782935,2200,2600,2900,3100,3700,4300,5100,5800,8300,9900,10000
,Aggregated,13622,56,2200.0,2389.3302958896456,447.39393099735025,10072.861993001425,98933.19600646014,22.75152134916199,0.09353143411782935,2200,2600,2900,3100,3700,4300,5100,5800,8300,9900,10000
