Type,Name,Request Count,Failure Count,Median Response Time,Average Response Time,Min Response Time,Max Response Time,Average Content Size,Requests/s,Failures/s,50%,66%,75%,80%,90%,95%,98%,99%,99.9%,99.99%,100%
GET,GET /s0,3860,105,11000.0,13308.037432703648,800.0606229907135,37938.318786997115,97698.32487046633,6.443693049342852,0.17528180574637292,11000,15000,20000,22000,26000,28000,31000,33000,37000,38000,38000
,Aggregated,3860,105,11000.0,13308.037432703648,800.0606229907135,37938.318786997115,97698.32487046633,6.443693049342852,0.17528180574637292,11000,15000,20000,22000,26000,28000,31000,33000,37000,38000,38000
