Type,Name,Request Count,Failure Count,Median Response Time,Average Response Time,Min Response Time,Max Response Time,Average Content Size,Requests/s,Failures/s,50%,66%,75%,80%,90%,95%,98%,99%,99.9%,99.99%,100%
GET,GET /s0,14714,73,1900.0,2069.086705994647,121.34267199144233,9687.023309001233,99521.3710751665,24.569983472470078,0.12189811020051078,1900,2300,2600,2800,3400,4000,4800,5400,7500,9400,9700
,Aggregated,14714,73,1900.0,2069.086705994647,121.34267199144233,9687.023309001233,99521.3710751665,24.569983472470078,0.12189811020051078,1900,2300,2600,2800,3400,4000,4800,5400,7500,9400,9700
