Type,Name,Request Count,Failure Count,Median Response Time,Average Response Time,Min Response Time,Max Response Time,Average Content Size,Requests/s,Failures/s,50%,66%,75%,80%,90%,95%,98%,99%,99.9%,99.99%,100%
GET,GET /s0,15017,75,1700.0,1989.2040967564549,245.37912099913228,12860.34566699891,100093.29486581874,25.043229790654326,0.12507439796890688,1700,2100,2500,2700,3500,4300,5300,6000,8500,12000,13000
,Aggregated,15017,75,1700.0,1989.2040967564549,245.37912099913228,12860.34566699891,100093.29486581874,25.043229790654326,0.12507439796890688,1700,2100,2500,2700,3500,4300,5300,6000,8500,12000,13000
