Type,Name,Request Count,Failure Count,Median Response Time,Average Response Time,Min Response Time,Max Response Time,Average Content Size,Requests/s,Failures/s,50%,66%,75%,80%,90%,95%,98%,99%,99.9%,99.99%,100%
GET,GET /s0,11077,42,3000.0,3387.0456548977977,211.74752799561247,17190.991600997222,98563.9145978153,18.47150202858558,0.07003729215496925,3000,3700,4300,4700,5800,6800,8200,9200,13000,15000,17000
,Aggregated,11077,42,3000.0,3387.0456548977977,211.74752799561247,17190.991600997222,98563.9145978153,18.47150202858558,0.07003729215496925,3000,3700,4300,4700,5800,6800,8200,9200,13000,15000,17000
