Type,Name,Request Count,Failure Count,Median Response Time,Average Response Time,Min Response Time,Max Response Time,Average Content Size,Requests/s,Failures/s,50%,66%,75%,80%,90%,95%,98%,99%,99.9%,99.99%,100%
GET,GET /s0,13714,55,2200.0,2370.806294949828,334.0367769997101,9769.331150004291,99200.56256380341,22.881706234906382,0.09176708786056956,2200,2600,2900,3100,3700,4300,5000,5500,7600,9100,9800
,Aggregated,13714,55,2200.0,2370.806294949828,334.0367769997101,9769.331150004291,99200.56256380341,22.881706234906382,0.09176708786056956,2200,2600,2900,3100,3700,4300,5000,5500,7600,9100,9800
