Type,Name,Request Count,Failure Count,Median Response Time,Average Response Time,Min Response Time,Max Response Time,Average Content Size,Requests/s,Failures/s,50%,66%,75%,80%,90%,95%,98%,99%,99.9%,99.99%,100%
GET,GET /s0,4840,0,7000.0,10270.860828326202,498.9539949892787,35494.66136499541,98660.67582644628,8.076231156160597,0.0,7000,10000,13000,19000,26000,28000,30000,31000,34000,35000,35000
,Aggregated,4840,0,7000.0,10270.860828326202,498.9539949892787,35494.66136499541,98660.67582644628,8.076231156160597,0.0,7000,10000,13000,19000,26000,28000,30000,31000,34000,35000,35000
