Type,Name,Request Count,Failure Count,Median Response Time,Average Response Time,Min Response Time,Max Response Time,Average Content Size,Requests/s,Failures/s,50%,66%,75%,80%,90%,95%,98%,99%,99.9%,99.99%,100%
GET,GET /s0,8824,31,4500.0,4755.023887959524,245.4265580017818,13717.99300100247,99666.38893925658,14.732025714563425,0.05175575670347531,4500,5200,5800,6100,7000,7900,8900,9600,12000,14000,14000
,Aggregated,8824,31,4500.0,4755.023887959524,245.4265580017818,13717.99300100247,99666.38893925658,14.732025714563425,0.05175575670347531,4500,5200,5800,6100,7000,7900,8900,9600,12000,14000,14000
