Type,Name,Request Count,Failure Count,Median Response Time,Average Response Time,Min Response Time,Max Response Time,Average Content Size,Requests/s,Failures/s,50%,66%,75%,80%,90%,95%,98%,99%,99.9%,99.99%,100%
GET,GET /s0,5292,39,8600.0,9256.511646673493,3169.445680003264,24412.164198998653,98226.2626606198,8.832464007907666,0.06509185493355989,8600,10000,11000,12000,14000,15000,17000,19000,22000,24000,24000
,Aggregated,5292,39,8600.0,9256.511646673493,3169.445680003264,24412.164198998653,98226.2626606198,8.832464007907666,0.06509185493355989,8600,10000,11000,12000,14000,15000,17000,19000,22000,24000,24000
