Type,Name,Request Count,Failure Count,Median Response Time,Average Response Time,Min Response Time,Max Response Time,Average Content Size,Requests/s,Failures/s,50%,66%,75%,80%,90%,95%,98%,99%,99.9%,99.99%,100%
GET,GET /s0,14097,40,2000.0,2236.3654891529613,82.61859699268825,14088.297145004617,99316.00290842023,23.532890987398044,0.06677418170503807,2000,2500,2800,3100,3800,4500,5400,6000,8400,10000,14000
,Aggregated,14097,40,2000.0,2236.3654891529613,82.61859699268825,14088.297145004617,99316.00290842023,23.532890987398044,0.06677418170503807,2000,2500,2800,3100,3800,4500,5400,6000,8400,10000,14000
