Type,Name,Request Count,Failure Count,Median Response Time,Average Response Time,Min Response Time,Max Response Time,Average Content Size,Requests/s,Failures/s,50%,66%,75%,80%,90%,95%,98%,99%,99.9%,99.99%,100%
GET,GET /s0,3780,196,12000.0,13664.798605221706,1689.029486005893,35424.85945200315,92377.16560846561,6.305788311146745,0.32696680131872013,12000,16000,19000,21000,25000,27000,30000,31000,35000,35000,35000
,Aggregated,3780,196,12000.0,13664.798605221706,1689.029486005893,35424.85945200315,92377.16560846561,6.305788311146745,0.32696680131872013,12000,16000,19000,21000,25000,27000,30000,31000,35000,35000,35000
