Type,Name,Request Count,Failure Count,Median Response Time,Average Response Time,Min Response Time,Max Response Time,Average Content Size,Requests/s,Failures/s,50%,66%,75%,80%,90%,95%,98%,99%,99.9%,99.99%,100%
GET,GET /s0,5303,42,8700.0,9211.127353162523,2519.2994530079886,22980.44665600173,98786.38581934755,8.852930273212293,0.07011560842446093,8700,10000,11000,12000,13000,15000,17000,18000,21000,23000,23000
,Aggregated,5303,42,8700.0,9211.127353162523,2519.2994530079886,22980.44665600173,98786.38581934755,8.852930273212293,0.07011560842446093,8700,10000,11000,12000,13000,15000,17000,18000,21000,23000,23000
