Type,Name,Request Count,Failure Count,Median Response Time,Average Response Time,Min Response Time,Max Response Time,Average Content Size,Requests/s,Failures/s,50%,66%,75%,80%,90%,95%,98%,99%,99.9%,99.99%,100%
GET,GET /s0,5130,1,9100.0,9572.614010392206,3826.1940910015255,23242.625690996647,99478.46803118908,8.558566090852741,0.0016683364699518013,9100,10000,11000,12000,14000,15000,17000,17000,21000,23000,23000
,Aggregated,5130,1,9100.0,9572.614010392206,3826.1940910015255,23242.625690996647,99478.46803118908,8.558566090852741,0.0016683364699518013,9100,10000,11000,12000,14000,15000,17000,17000,21000,23000,23000
