Type,Name,Request Count,Failure Count,Median Response Time,Average Response Time,Min Response Time,Max Response Time,Average Content Size,Requests/s,Failures/s,50%,66%,75%,80%,90%,95%,98%,99%,99.9%,99.99%,100%
GET,GET /s0,5278,113,8600.0,9259.846541161927,939.4971559959231,35616.22411099961,99524.00359984842,8.808011486501773,0.18857622167008342,8600,10000,12000,13000,15000,17000,19000,21000,25000,36000,36000
,Aggregated,5278,113,8600.0,9259.846541161927,939.4971559959231,35616.22411099961,99524.00359984842,8.808011486501773,0.18857622167008342,8600,10000,12000,13000,15000,17000,19000,21000,25000,36000,36000
