Type,Name,Request Count,Failure Count,Median Response Time,Average Response Time,Min Response Time,Max Response Time,Average Content Size,Requests/s,Failures/s,50%,66%,75%,80%,90%,95%,98%,99%,99.9%,99.99%,100%
GET,GET /s0,14957,67,1800.0,2000.1628037393557,64.98517099680612,8592.541635996895,98819.20792939761,24.947339629565985,0.11175180552122223,1800,2200,2500,2700,3300,3800,4600,5100,7100,8400,8600
,Aggregated,14957,67,1800.0,2000.1628037393557,64.98517099680612,8592.541635996895,98819.20792939761,24.947339629565985,0.11175180552122223,1800,2200,2500,2700,3300,3800,4600,5100,7100,8400,8600
