Type,Name,Request Count,Failure Count,Median Response Time,Average Response Time,Min Response Time,Max Response Time,Average Content Size,Requests/s,Failures/s,50%,66%,75%,80%,90%,95%,98%,99%,99.9%,99.99%,100%
GET,GET /s0,10323,38,3600.0,3802.4207290622517,1023.763258002873,11664.594057001523,99204.88588588589,17.223611314639722,0.06340184345212724,3600,4100,4500,4800,5500,6200,7000,7600,9700,11000,12000
,Aggregated,10323,38,3600.0,3802.4207290622517,1023.763258002873,11664.594057001523,99204.88588588589,17.223611314639722,0.06340184345212724,3600,4100,4500,4800,5500,6200,7000,7600,9700,11000,12000
