Type,Name,Request Count,Failure Count,Median Response Time,Average Response Time,Min Response Time,Max Response Time,Average Content Size,Requests/s,Failures/s,50%,66%,75%,80%,90%,95%,98%,99%,99.9%,99.99%,100%
GET,GET /s0,11232,41,2900.0,3327.5767531529455,126.55469900346361,18761.03333500214,97493.47729700855,18.734837296853907,0.0683874936940002,2900,3700,4200,4600,5700,6800,8300,9400,13000,18000,19000
,Aggregated,11232,41,2900.0,3327.5767531529455,126.55469900346361,18761.03333500214,97493.47729700855,18.734837296853907,0.0683874936940002,2900,3700,4200,4600,5700,6800,8300,9400,13000,18000,19000
