Type,Name,Request Count,Failure Count,Median Response Time,Average Response Time,Min Response Time,Max Response Time,Average Content Size,Requests/s,Failures/s,50%,66%,75%,80%,90%,95%,98%,99%,99.9%,99.99%,100%
GET,GET /s0,10187,38,3700.0,3859.840691954727,970.2548499990371,11019.92966599937,99648.69863551586,17.003273017572603,0.06342636445153224,3700,4200,4600,4900,5600,6200,7100,7600,9100,10000,11000
,Aggregated,10187,38,3700.0,3859.840691954727,970.2548499990371,11019.92966599937,99648.69863551586,17.003273017572603,0.06342636445153224,3700,4200,4600,4900,5600,6200,7100,7600,9100,10000,11000
