Type,Name,Request Count,Failure Count,Median Response Time,Average Response Time,Min Response Time,Max Response Time,Average Content Size,Requests/s,Failures/s,50%,66%,75%,80%,90%,95%,98%,99%,99.9%,99.99%,100%
GET,GET /s0,10461,74,3500.0,3712.4324307003208,106.53060399999958,13539.962212998944,98055.15161074467,17.451823235594563,0.12345233911040988,3500,4100,4600,4900,5800,6500,7500,8100,10000,12000,14000
,Aggregated,10461,74,3500.0,3712.4324307003208,106.53060399999958,13539.962212998944,98055.15161074467,17.451823235594563,0.12345233911040988,3500,4100,4600,4900,5800,6500,7500,8100,10000,12000,14000
