Type,Name,Request Count,Failure Count,Median Response Time,Average Response Time,Min Response Time,Max Response Time,Average Content Size,Requests/s,Failures/s,50%,66%,75%,80%,90%,95%,98%,99%,99.9%,99.99%,100%
GET,GET /s0,10263,38,3700.0,3840.8560803478995,1078.7644009978976,13939.365363999968,99582.19097729708,17.115482405145492,0.06337214570744701,3700,4200,4600,4800,5600,6200,7000,7600,12000,14000,14000
,Aggregated,10263,38,3700.0,3840.8560803478995,1078.7644009978976,13939.365363999968,99582.19097729708,17.115482405145492,0.06337214570744701,3700,4200,4600,4800,5600,6200,7000,7600,12000,14000,14000
