Type,Name,Request Count,Failure Count,Median Response Time,Average Response Time,Min Response Time,Max Response Time,Average Content Size,Requests/s,Failures/s,50%,66%,75%,80%,90%,95%,98%,99%,99.9%,99.99%,100%
GET,GET /s0,4870,0,8300.0,10109.824084207292,419.6596660040086,35008.10993599589,98270.79117043121,8.129370070457437,0.0,8300,11000,14000,16000,20000,24000,27000,28000,31000,35000,35000
,Aggregated,4870,0,8300.0,10109.824084207292,419.6596660040086,35008.10993599589,98270.79117043121,8.129370070457437,0.0,8300,11000,14000,16000,20000,24000,27000,28000,31000,35000,35000
