Type,Name,Request Count,Failure Count,Median Response Time,Average Response Time,Min Response Time,Max Response Time,Average Content Size,Requests/s,Failures/s,50%,66%,75%,80%,90%,95%,98%,99%,99.9%,99.99%,100%
GET,GET /s0,14329,30,1900.0,2178.473626445059,97.81267899961676,13328.373178999755,97594.7953799986,23.89954796702871,0.050037437295754154,1900,2400,2800,3000,3700,4400,5300,5800,7900,11000,13000
,Aggregated,14329,30,1900.0,2178.473626445059,97.81267899961676,13328.373178999755,97594.7953799986,23.89954796702871,0.050037437295754154,1900,2400,2800,3000,3700,4400,5300,5800,7900,11000,13000
