Type,Name,Request Count,Failure Count,Median Response Time,Average Response Time,Min Response Time,Max Response Time,Average Content Size,Requests/s,Failures/s,50%,66%,75%,80%,90%,95%,98%,99%,99.9%,99.99%,100%
GET,GET /s0,10287,39,3600.0,3817.329331259617,1182.5118999986444,11959.010935999686,99465.66977738893,17.156582737753933,0.06504391239160139,3600,4200,4600,4800,5500,6100,6900,7500,9200,11000,12000
,Aggregated,10287,39,3600.0,3817.329331259617,1182.5118999986444,11959.010935999686,99465.66977738893,17.156582737753933,0.06504391239160139,3600,4200,4600,4800,5500,6100,6900,7500,9200,11000,12000
