Type,Name,Request Count,Failure Count,Median Response Time,Average Response Time,Min Response Time,Max Response Time,Average Content Size,Requests/s,Failures/s,50%,66%,75%,80%,90%,95%,98%,99%,99.9%,99.99%,100%
GET,GET /s0,13469,40,2300.0,2442.3986154807426,490.77722499350784,9968.798925001465,100218.18434924642,22.459720194809165,0.06670048316819115,2300,2700,3000,3200,3800,4400,5200,5800,7800,9600,10000
,Aggregated,13469,40,2300.0,2442.3986154807426,490.77722499350784,9968.798925001465,100218.18434924642,22.459720194809165,0.06670048316819115,2300,2700,3000,3200,3800,4400,5200,5800,7800,9600,10000
