Type,Name,Request Count,Failure Count,Median Response Time,Average Response Time,Min Response Time,Max Response Time,Average Content Size,Requests/s,Failures/s,50%,66%,75%,80%,90%,95%,98%,99%,99.9%,99.99%,100%
GET,GET /s0,3894,97,13000.0,13197.333031475318,652.5530249982694,40912.91249199821,97225.78787878787,6.496115038277462,0.16181899299253052,13000,16000,18000,19000,23000,25000,29000,30000,40000,41000,41000
,Aggregated,3894,97,13000.0,13197.333031475318,652.5530249982694,40912.91249199821,97225.78787878787,6.496115038277462,0.16181899299253052,13000,16000,18000,19000,23000,25000,29000,30000,40000,41000,41000
