Type,Name,Request Count,Failure Count,Median Response Time,Average Response Time,Min Response Time,Max Response Time,Average Content Size,Requests/s,Failures/s,50%,66%,75%,80%,90%,95%,98%,99%,99.9%,99.99%,100%
GET,GET /s0,10760,43,3100.0,3556.03334703076,173.64808600541437,18261.789093005063,101113.34823420075,17.951329892105015,0.07173858600004793,3100,3900,4600,5000,6300,7500,9000,9900,13000,16000,18000
,Aggregated,10760,43,3100.0,3556.03334703076,173.64808600541437,18261.789093005063,101113.34823420075,17.951329892105015,0.07173858600004793,3100,3900,4600,5000,6300,7500,9000,9900,13000,16000,18000
