Type,Name,Request Count,Failure Count,Median Response Time,Average Response Time,Min Response Time,Max Response Time,Average Content Size,Requests/s,Failures/s,50%,66%,75%,80%,90%,95%,98%,99%,99.9%,99.99%,100%
GET,GET /s0,13868,56,2100.0,2315.5458354226193,227.00735900434665,9655.741910988581,99932.65734064032,23.131940741079404,0.09340847140903133,2100,2500,2800,3000,3700,4200,4800,5300,7300,9400,9700
,Aggregated,13868,56,2100.0,2315.5458354226193,227.00735900434665,9655.741910988581,99932.65734064032,23.131940741079404,0.09340847140903133,2100,2500,2800,3000,3700,4200,4800,5300,7300,9400,9700
