Type,Name,Request Count,Failure Count,Median Response Time,Average Response Time,Min Response Time,Max Response Time,Average Content Size,Requests/s,Failures/s,50%,66%,75%,80%,90%,95%,98%,99%,99.9%,99.99%,100%
GET,GET /s0,10310,46,3600.0,3805.9454447900594,1004.1966520075221,12890.471025995794,100339.68409311348,17.194081273884883,0.0767146206206309,3600,4200,4600,4800,5500,6200,6900,7500,9900,12000,13000
,Aggregated,10310,46,3600.0,3805.9454447900594,1004.1966520075221,12890.471025995794,100339.68409311348,17.194081273884883,0.0767146206206309,3600,4200,4600,4800,5500,6200,6900,7500,9900,12000,13000
