Type,Name,Request Count,Failure Count,Median Response Time,Average Response Time,Min Response Time,Max Response Time,Average Content Size,Requests/s,Failures/s,50%,66%,75%,80%,90%,95%,98%,99%,99.9%,99.99%,100%
GET,GET /s0,5273,131,8600.0,9277.862418524872,576.0188729909714,30028.32000500348,96483.74018585245,8.799134208000975,0.21860166532299025,8600,10000,12000,12000,15000,17000,19000,22000,26000,30000,30000
,Aggregated,5273,131,8600.0,9277.862418524872,576.0188729909714,30028.32000500348,96483.74018585245,8.799134208000975,0.21860166532299025,8600,10000,12000,12000,15000,17000,19000,22000,26000,30000,30000
