Type,Name,Request Count,Failure Count,Median Response Time,Average Response Time,Min Response Time,Max Response Time,Average Content Size,Requests/s,Failures/s,50%,66%,75%,80%,90%,95%,98%,99%,99.9%,99.99%,100%
GET,GET /s0,8824,36,4500.0,4765.934622863329,180.18044899508823,15067.009546997724,98550.94140979149,14.7249603607527,0.060074634291375474,4500,5300,5800,6200,7200,8100,9100,9800,12000,15000,15000
,Aggregated,8824,36,4500.0,4765.934622863329,180.18044899508823,15067.009546997724,98550.94140979149,14.7249603607527,0.060074634291375474,4500,5300,5800,6200,7200,8100,9100,9800,12000,15000,15000
