Type,Name,Request Count,Failure Count,Median Response Time,Average Response Time,Min Response Time,Max Response Time,Average Content Size,Requests/s,Failures/s,50%,66%,75%,80%,90%,95%,98%,99%,99.9%,99.99%,100%
GET,GET /s0,10342,43,3600.0,3778.32683087848,993.8721829967108,10757.716222986346,99014.45484432412,17.243112844549522,0.07169346860526296,3600,4100,4500,4800,5600,6200,7000,7500,9200,9900,11000
,Aggregated,10342,43,3600.0,3778.32683087848,993.8721829967108,10757.716222986346,99014.45484432412,17.243112844549522,0.07169346860526296,3600,4100,4500,4800,5600,6200,7000,7500,9200,9900,11000
