Type,Name,Request Count,Failure Count,Median Response Time,Average Response Time,Min Response Time,Max Response Time,Average Content Size,Requests/s,Failures/s,50%,66%,75%,80%,90%,95%,98%,99%,99.9%,99.99%,100%
GET,GET /s0,5300,43,8800.0,9210.667806298103,2006.8678320094477,22106.34916400886,99734.56396226415,8.842051679748211,0.07173740042059869,8800,10000,11000,12000,13000,15000,16000,17000,20000,22000,22000
,Aggregated,5300,43,8800.0,9210.667806298103,2006.8678320094477,22106.34916400886,99734.56396226415,8.842051679748211,0.07173740042059869,8800,10000,11000,12000,13000,15000,16000,17000,20000,22000,22000
