Type,Name,Request Count,Failure Count,Median Response Time,Average Response Time,Min Response Time,Max Response Time,Average Content Size,Requests/s,Failures/s,50%,66%,75%,80%,90%,95%,98%,99%,99.9%,99.99%,100%
GET,GET /s0,4966,0,7100.0,9975.323008782101,540.0849229990854,33059.635251000145,100222.17358034635,8.2854952485509,0.0,7100,10000,14000,17000,23000,26000,28000,29000,32000,33000,33000
,Aggregated,4966,0,7100.0,9975.323008782101,540.0849229990854,33059.635251000145,100222.17358034635,8.2854952485509,0.0,7100,10000,14000,17000,23000,26000,28000,29000,32000,33000,33000
