Type,Name,Request Count,Failure Count,Median Response Time,Average Response Time,Min Response Time,Max Response Time,Average Content Size,Requests/s,Failures/s,50%,66%,75%,80%,90%,95%,98%,99%,99.9%,99.99%,100%
GET,GET /s0,5268,35,8900.0,9292.693941994103,2808.6715830140747,21754.373787000077,101216.70444191343,8.79395272078431,0.05842603364226477,8900,10000,11000,12000,13000,15000,16000,17000,20000,22000,22000
,Aggregated,5268,35,8900.0,9292.693941994103,2808.6715830140747,21754.373787000077,101216.70444191343,8.79395272078431,0.05842603364226477,8900,10000,11000,12000,13000,15000,16000,17000,20000,22000,22000
