Type,Name,Request Count,Failure Count,Median Response Time,Average Response Time,Min Response Time,Max Response Time,Average Content Size,Requests/s,Failures/s,50%,66%,75%,80%,90%,95%,98%,99%,99.9%,99.99%,100%
GET,GET /s0,13744,58,2200.0,2355.646073652454,293.15457500342745,8852.58282200084,99886.72948195576,22.927714339012528,0.09675548833401677,2200,2600,2900,3100,3700,4300,5000,5600,7600,8600,8900
,Aggregated,13744,58,2200.0,2355.646073652454,293.15457500342745,8852.58282200084,99886.72948195576,22.927714339012528,0.09675548833401677,2200,2600,2900,3100,3700,4300,5000,5600,7600,8600,8900
