Type,Name,Request Count,Failure Count,Median Response Time,Average Response Time,Min Response Time,Max Response Time,Average Content Size,Requests/s,Failures/s,50%,66%,75%,80%,90%,95%,98%,99%,99.9%,99.99%,100%
GET,GET /s0,14708,54,1800.0,2066.5947448637535,218.69691699976102,11532.096806997288,99737.07458525972,24.524284078689092,0.09004020534737633,1800,2200,2600,2900,3700,4400,5400,6200,9000,11000,12000
,Aggregated,14708,54,1800.0,2066.5947448637535,218.69691699976102,11532.096806997288,99737.07458525972,24.524284078689092,0.09004020534737633,1800,2200,2600,2900,3700,4400,5400,6200,9000,11000,12000
