Type,Name,Request Count,Failure Count,Median Response Time,Average Response Time,Min Response Time,Max Response Time,Average Content Size,Requests/s,Failures/s,50%,66%,75%,80%,90%,95%,98%,99%,99.9%,99.99%,100%
GET,GET /s0,5140,0,9200.0,9589.420326510077,3557.86601100408,21543.587779000518,101189.00700389105,8.576218120680807,0.0,9200,11000,11000,12000,14000,15000,17000,17000,20000,22000,22000
,Aggregated,5140,0,9200.0,9589.420326510077,3557.86601100408,21543.587779000518,101189.00700389105,8.576218120680807,0.0,9200,11000,11000,12000,14000,15000,17000,17000,20000,22000,22000
