Type,Name,Request Count,Failure Count,Median Response Time,Average Response Time,Min Response Time,Max Response Time,Average Content Size,Requests/s,Failures/s,50%,66%,75%,80%,90%,95%,98%,99%,99.9%,99.99%,100%
GET,GET /s0,14664,62,1800.0,2078.5597166305015,186.90826499368995,13694.013258995255,99594.79398527005,24.469981966115366,0.1034600983291839,1800,2300,2600,2900,3700,4400,5300,6000,8100,10000,14000
,Aggregated,14664,62,1800.0,2078.5597166305015,186.90826499368995,13694.013258995255,99594.79398527005,24.469981966115366,0.1034600983291839,1800,2300,2600,2900,3700,4400,5300,6000,8100,10000,14000
