Type,Name,Request Count,Failure Count,Median Response Time,Average Response Time,Min Response Time,Max Response Time,Average Content Size,Requests/s,Failures/s,50%,66%,75%,80%,90%,95%,98%,99%,99.9%,99.99%,100%
GET,GET /s0,14711,70,1800.0,2072.734177446115,216.11221999046393,11189.809049014002,100916.99904833118,24.53373085768717,0.11673993338577268,1800,2200,2600,2900,3700,4500,5600,6500,9200,11000,11000
,Aggregated,14711,70,1800.0,2072.734177446115,216.11221999046393,11189.809049014002,100916.99904833118,24.53373085768717,0.11673993338577268,1800,2200,2600,2900,3700,4500,5600,6500,9200,11000,11000
