Type,Name,Request Count,Failure Count,Median Response Time,Average Response Time,Min Response Time,Max Response Time,Average Content Size,Requests/s,Failures/s,50%,66%,75%,80%,90%,95%,98%,99%,99.9%,99.99%,100%
GET,GET /s0,13562,48,2200.0,2417.2821399735994,355.1780390116619,9187.893326001358,100127.29538416163,22.6232034518449,0.08007032633008075,2200,2700,3000,3200,3800,4400,5200,5800,7700,8900,9200
,Aggregated,13562,48,2200.0,2417.2821399735994,355.1780390116619,9187.893326001358,100127.29538416163,22.6232034518449,0.08007032633008075,2200,2700,3000,3200,3800,4400,5200,5800,7700,8900,9200
