Type,Name,Request Count,Failure Count,Median Response Time,Average Response Time,Min Response Time,Max Response Time,Average Content Size,Requests/s,Failures/s,50%,66%,75%,80%,90%,95%,98%,99%,99.9%,99.99%,100%
GET,GET /s0,10277,36,3600.0,3818.6800891036582,989.7100790112745,14110.204107011668,101055.297849567,17.150782621718534,0.06007863913417021,3600,4200,4500,4800,5600,6200,7100,7700,10000,14000,14000
,Aggregated,10277,36,3600.0,3818.6800891036582,989.7100790112745,14110.204107011668,101055.297849567,17.150782621718534,0.06007863913417021,3600,4200,4500,4800,5600,6200,7100,7700,10000,14000,14000
