Type,Name,Request Count,Failure Count,Median Response Time,Average Response Time,Min Response Time,Max Response Time,Average Content Size,Requests/s,Failures/s,50%,66%,75%,80%,90%,95%,98%,99%,99.9%,99.99%,100%
GET,GET /s0,10378,58,3500.0,3753.2543160807872,65.72482999763452,15346.445671002584,98417.81711312392,17.311604010851585,0.09675014768061206,3500,4200,4600,4900,5800,6700,7700,8500,11000,13000,15000
,Aggregated,10378,58,3500.0,3753.2543160807872,65.72482999763452,15346.445671002584,98417.81711312392,17.311604010851585,0.09675014768061206,3500,4200,4600,4900,5800,6700,7700,8500,11000,13000,15000
