Type,Name,Request Count,Failure Count,Median Response Time,Average Response Time,Min Response Time,Max Response Time,Average Content Size,Requests/s,Failures/s,50%,66%,75%,80%,90%,95%,98%,99%,99.9%,99.99%,100%
GET,GET /s0,10481,92,3500.0,3709.82682881161,95.86655399471056,12993.552685002214,99586.73027382883,17.484067297588787,0.15347144274193,3500,4100,4500,4900,5700,6500,7500,8300,11000,13000,13000
,Aggregated,10481,92,3500.0,3709.82682881161,95.86655399471056,12993.552685002214,99586.73027382883,17.484067297588787,0.15347144274193,3500,4100,4500,4900,5700,6500,7500,8300,11000,13000,13000
