Type,Name,Request Count,Failure Count,Median Response Time,Average Response Time,Min Response Time,Max Response Time,Average Content Size,Requests/s,Failures/s,50%,66%,75%,80%,90%,95%,98%,99%,99.9%,99.99%,100%
GET,GET /s0,5283,33,8700.0,9242.849148081868,3426.344075000088,23130.441986002552,100720.01041075146,8.819309859619795,0.05508938583521734,8700,10000,11000,12000,14000,15000,17000,18000,20000,23000,23000
,Aggregated,5283,33,8700.0,9242.849148081868,3426.344075000088,23130.441986002552,100720.01041075146,8.819309859619795,0.05508938583521734,8700,10000,11000,12000,14000,15000,17000,18000,20000,23000,23000
