Type,Name,Request Count,Failure Count,Median Response Time,Average Response Time,Min Response Time,Max Response Time,Average Content Size,Requests/s,Failures/s,50%,66%,75%,80%,90%,95%,98%,99%,99.9%,99.99%,100%
GET,GET /s0,5169,132,8500.0,9472.279050800531,2272.7812140001333,24336.29902300163,97352.56993615786,8.625736275320516,0.2202741706988408,8500,11000,13000,14000,16000,17000,19000,19000,21000,24000,24000
,Aggregated,5169,132,8500.0,9472.279050800531,2272.7812140001333,24336.29902300163,97352.56993615786,8.625736275320516,0.2202741706988408,8500,11000,13000,14000,16000,17000,19000,19000,21000,24000,24000
