Type,Name,Request Count,Failure Count,Median Response Time,Average Response Time,Min Response Time,Max Response Time,Average Content Size,Requests/s,Failures/s,50%,66%,75%,80%,90%,95%,98%,99%,99.9%,99.99%,100%
GET,GET /s0,10864,54,3100.0,3510.962914971411,131.838745001005,17368.751250003697,99869.70360824742,18.116034772325975,0.09004656458998551,3100,3900,4500,4900,6000,7200,8700,10000,14000,16000,17000
,Aggregated,10864,54,3100.0,3510.962914971411,131.838745001005,17368.751250003697,99869.70360824742,18.116034772325975,0.09004656458998551,3100,3900,4500,4900,6000,7200,8700,10000,14000,16000,17000
