Type,Name,Request Count,Failure Count,Median Response Time,Average Response Time,Min Response Time,Max Response Time,Average Content Size,Requests/s,Failures/s,50%,66%,75%,80%,90%,95%,98%,99%,99.9%,99.99%,100%
GET,GET /s0,5266,114,8700.0,9311.564099449017,130.75964199379086,30183.768870003405,98636.99126471706,8.782862921025142,0.19013413843464988,8700,10000,11000,12000,15000,17000,18000,20000,27000,30000,30000
,Aggregated,5266,114,8700.0,9311.564099449017,130.75964199379086,30183.768870003405,98636.99126471706,8.782862921025142,0.19013413843464988,8700,10000,11000,12000,15000,17000,18000,20000,27000,30000,30000
