Type,Name,Request Count,Failure Count,Median Response Time,Average Response Time,Min Response Time,Max Response Time,Average Content Size,Requests/s,Failures/s,50%,66%,75%,80%,90%,95%,98%,99%,99.9%,99.99%,100%
GET,GET /s0,5260,101,8900.0,9291.427653708957,1471.4680990000488,28934.753623994766,99066.99790874525,8.777783954637512,0.16854680217079632,8900,10000,12000,12000,14000,16000,18000,20000,24000,29000,29000
,Aggregated,5260,101,8900.0,9291.427653708957,1471.4680990000488,28934.753623994766,99066.99790874525,8.777783954637512,0.16854680217079632,8900,10000,12000,12000,14000,16000,18000,20000,24000,29000,29000
