Type,Name,Request Count,Failure Count,Median Response Time,Average Response Time,Min Response Time,Max Response Time,Average Content Size,Requests/s,Failures/s,50%,66%,75%,80%,90%,95%,98%,99%,99.9%,99.99%,100%
GET,GET /s0,4948,0,8500.0,9986.326740584556,547.6418909966014,32592.146251001395,98088.25282942603,8.260382733251708,0.0,8500,12000,14000,15000,19000,23000,27000,29000,32000,33000,33000
,Aggregated,4948,0,8500.0,9986.326740584556,547.6418909966014,32592.146251001395,98088.25282942603,8.260382733251708,0.0,8500,12000,14000,15000,19000,23000,27000,29000,32000,33000,33000
