metric,mean,std,min,median,max,cv
Throughput,15.48018643304729,6.4159593383999285,6.157625834791805,17.125633316128187,25.09611502987388,0.4144626659471659
Average Response Time,5851.464657065888,3612.1338146981193,1975.640898752696,3819.2532988444964,14004.907784746449,0.6173042180706529
95th Percentile Response Time,10874.444444444445,7026.614387135505,3800.0,7600.0,28000.0,0.6461584702587059
Failure Rate,0.007890539302343031,0.008931161740922518,0.0,0.0047530409858526496,0.0518518518518518,1.1318822958362913
CPU Usage,1.313378141646717,0.38812535255930203,0.7990450841140263,1.118480255849063,1.907512840487785,0.2955168357474485
Memory Usage,259553295.38380635,58320826.138965845,171511092.82539684,247309591.27272725,383525319.1111111,0.22469692034819186
Energy Consumption,33284.74222777777,6524.293111072735,18284.727,37780.9735,39216.474,0.19601453021402365
DRAM Energy Consumption,9070.985305555556,2212.550111684925,3274.001,10457.130000000001,10810.799,0.24391508057342362
