Type,Name,Request Count,Failure Count,Median Response Time,Average Response Time,Min Response Time,Max Response Time,Average Content Size,Requests/s,Failures/s,50%,66%,75%,80%,90%,95%,98%,99%,99.9%,99.99%,100%
GET,GET /s0,14530,56,1800.0,2115.363850838278,202.40255899261683,11450.21992699185,100358.75430144528,24.239396263346244,0.0934209353577006,1800,2300,2700,3000,3800,4600,5700,6500,9200,11000,11000
,Aggregated,14530,56,1800.0,2115.363850838278,202.40255899261683,11450.21992699185,100358.75430144528,24.239396263346244,0.0934209353577006,1800,2300,2700,3000,3800,4600,5700,6500,9200,11000,11000
